TRAIN_Q9KMA5	TRAIN_Q9KMA5
TRAIN_Q53654	TRAIN_Q53654
TRAIN_P53330	TRAIN_P53330
TRAIN_P12272	TRAIN_P12272
TRAIN_P12497	TRAIN_P12497
TRAIN_P12497	TRAIN_P12493
TRAIN_P12497	TRAIN_P04591
TRAIN_P12497	TRAIN_P03347
TRAIN_P77173	TRAIN_P77173
TRAIN_Q02297-10	TRAIN_Q02297-10
TRAIN_Q9Z214	TRAIN_Q9Z214
TRAIN_P42568	TRAIN_P42568
TRAIN_O43070	TRAIN_O43070
TRAIN_P53350	TRAIN_P53350
TRAIN_P0DTC4	TRAIN_P0DTC4
TRAIN_Q9UM07	TRAIN_Q9UM07
TRAIN_P04637	TRAIN_P04637
TRAIN_Q22942	TRAIN_Q22942
TRAIN_Q7B2Z6	TRAIN_Q7B2Z6
TRAIN_P41214	TRAIN_P41214
TRAIN_O60885	TRAIN_O60885
TRAIN_O60885	TRAIN_Q15059
TRAIN_Q8ZRW0	TRAIN_Q8ZRW0
TRAIN_P30793	TRAIN_P30793
TRAIN_P47110	TRAIN_P47110
TRAIN_Q8VZS8	TRAIN_Q8VZS8
TRAIN_Q8VZS8	TEST_Q84MC7
TRAIN_P80644	TRAIN_P80644
TRAIN_P50553	TRAIN_P50553
TRAIN_P13255	TRAIN_P13255
TRAIN_Q02948	TRAIN_Q02948
TRAIN_Q9S446	TRAIN_Q9S446
TRAIN_P49918	TRAIN_P49918
TRAIN_Q06406	TRAIN_Q06406
TRAIN_Q67953	TRAIN_Q67953
TRAIN_J2EKT7	TRAIN_J2EKT7
TRAIN_P20676	TRAIN_P20676
TRAIN_O08807	TRAIN_O08807
TRAIN_O08807	VAL_Q63716
TRAIN_O08807	TEST_Q13162
TRAIN_P06400	TRAIN_P06400
TRAIN_Q13568	TRAIN_Q13568
TRAIN_Q13568	TRAIN_Q14653
TRAIN_P43250	TRAIN_P43250
TRAIN_P43250	TEST_P28327
TRAIN_H0W0T5	TRAIN_H0W0T5
TRAIN_F2WK69	TRAIN_F2WK69
TRAIN_Q8IYB8	TRAIN_Q8IYB8
TRAIN_P12579	TRAIN_P12579
TRAIN_P12579	TRAIN_P03421
TRAIN_Q96B02	TRAIN_Q96B02
TRAIN_P08775	TRAIN_P08775
TRAIN_P08775	TRAIN_P24928
TRAIN_P08775	TRAIN_P04052
TRAIN_P08775	VAL_P36594
TRAIN_P08775	TRAIN_C4R4Y0
TRAIN_P08775	TRAIN_P04050
TRAIN_P09415	TRAIN_P09415
TRAIN_O14713	TRAIN_O14713
TRAIN_Q17RS7	TRAIN_Q17RS7
TRAIN_Q4DRC4	TRAIN_Q4DRC4
TRAIN_A0A3S5Y0Q5	TRAIN_A0A3S5Y0Q5
TRAIN_Q9UKV8	TRAIN_Q9UKV8
TRAIN_Q02199	TRAIN_Q02199
TRAIN_Q6F3E8	TRAIN_Q6F3E8
TRAIN_P16035	TRAIN_P16035
TRAIN_Q9HD26	TRAIN_Q9HD26
TRAIN_P53136	TRAIN_P53136
TRAIN_Q02821	TRAIN_Q02821
TRAIN_P9WI73	TRAIN_P9WI73
TRAIN_O28362	TRAIN_O28362
TRAIN_Q2GI62	TRAIN_Q2GI62
TRAIN_Q15013	TRAIN_Q15013
TRAIN_Q07666	TRAIN_Q07666
TRAIN_Q07666	VAL_Q96PU8
TRAIN_Q07666	TRAIN_Q96PU8-9
TRAIN_Q07666	TEST_Q32NN2
TRAIN_P19836	TRAIN_P19836
TRAIN_A0A0H2ZP82	TRAIN_A0A0H2ZP82
TRAIN_P37330	TRAIN_P37330
TRAIN_P09041	TRAIN_P09041
TRAIN_P09041	VAL_P00558
TRAIN_O13828	TRAIN_O13828
TRAIN_Q9UM11	TRAIN_Q9UM11
TRAIN_Q99623	TRAIN_Q99623
TRAIN_Q9X8U3	TRAIN_Q9X8U3
TRAIN_Q7KLE5	TRAIN_Q7KLE5
TRAIN_Q00169	TRAIN_Q00169
TRAIN_P52630	TRAIN_P52630
TRAIN_P52630	TEST_P40763
TRAIN_P52630	TEST_P42224
TRAIN_Q9Z8L4	TRAIN_Q9Z8L4
TRAIN_Q7M3Y3	TRAIN_Q7M3Y3
TRAIN_P10175	TRAIN_P10175
TRAIN_P13699	TRAIN_P13699
TRAIN_P13699	TRAIN_Q9DQX7
TRAIN_P0AFC7	TRAIN_P0AFC7
TRAIN_P56621	TRAIN_P56621
TRAIN_Q8VHC5	TRAIN_Q8VHC5
TRAIN_Q8VHC5	TRAIN_P63098
TRAIN_Q8VHC5	TRAIN_P63315
TRAIN_Q96PM5	TRAIN_Q96PM5
TRAIN_Q9UJX5	TRAIN_Q9UJX5
TRAIN_P14598	TRAIN_P14598
TRAIN_P11021	TRAIN_P11021
TRAIN_P11021	TRAIN_P09446
TRAIN_P11021	VAL_P63018
TRAIN_P11021	TEST_P0DMV9
TRAIN_P11021	TRAIN_P0A6Y8
TRAIN_P27469	TRAIN_P27469
TRAIN_Q8HYY9	TRAIN_Q8HYY9
TRAIN_Q8HYY9	VAL_P81455
TRAIN_Q63450	TRAIN_Q63450
TRAIN_Q4JC68	TRAIN_Q4JC68
TRAIN_Q9UKK9	TRAIN_Q9UKK9
TRAIN_Q9UJY5	TRAIN_Q9UJY5
TRAIN_Q70Q12	TRAIN_Q70Q12
TRAIN_P04325	TRAIN_P04325
TRAIN_P04325	TRAIN_P04616
TRAIN_P04325	VAL_P69718
TRAIN_Q9I322	TRAIN_Q9I322
TRAIN_Q9UBP0	TRAIN_Q9UBP0
TRAIN_P13797	TRAIN_P13797
TRAIN_Q26680	TRAIN_Q26680
TRAIN_Q26680	VAL_P07749
TRAIN_Q15910	TRAIN_Q15910
TRAIN_Q99ML1	TRAIN_Q99ML1
TRAIN_P53874	TRAIN_P53874
TRAIN_P10721	TRAIN_P10721
TRAIN_P0A910	TRAIN_P0A910
TRAIN_F2Z293	TRAIN_F2Z293
TRAIN_Q15185	TRAIN_Q15185
TRAIN_Q9NXV2	TRAIN_Q9NXV2
TRAIN_Q15276	TRAIN_Q15276
TRAIN_Q7Z094	TRAIN_Q7Z094
TRAIN_Q56026	TRAIN_Q56026
TRAIN_P02788	TRAIN_P02788
TRAIN_P22531	TRAIN_P22531
TRAIN_P17405	TRAIN_P17405
TRAIN_P78330	TRAIN_P78330
TRAIN_P60472	TRAIN_P60472
TRAIN_Q12000	TRAIN_Q12000
TRAIN_P11926	TRAIN_P11926
TRAIN_P11926	VAL_P07805
TRAIN_P11926	TRAIN_O14977
TRAIN_P11926	TRAIN_O35484
TRAIN_J7FTI7	TRAIN_J7FTI7
TRAIN_J7FTI7	TRAIN_D6PZY5
TRAIN_Q8RNT4	TRAIN_Q8RNT4
TRAIN_P27708	TRAIN_P27708
TRAIN_P27708	TRAIN_P31327
TRAIN_P10071	TRAIN_P10071
TRAIN_P04711	TRAIN_P04711
TRAIN_O95835	TRAIN_O95835
TRAIN_P0A8H9	TRAIN_P0A8H9
TRAIN_P02655	TRAIN_P02655
TRAIN_Q5UPJ7	TRAIN_Q5UPJ7
TRAIN_Q96273	TRAIN_Q96273
TRAIN_P0ABJ3	TRAIN_P0ABJ3
TRAIN_P49427	TRAIN_P49427
TRAIN_P49427	VAL_P60604
TRAIN_P32521	TRAIN_P32521
TRAIN_P40517	TRAIN_P40517
TRAIN_P76063	TRAIN_P76063
TRAIN_Q80UG2	TRAIN_Q80UG2
TRAIN_Q7YUB9	TRAIN_Q7YUB9
TRAIN_P24864	TRAIN_P24864
TRAIN_Q00653	TRAIN_Q00653
TRAIN_P70475	TRAIN_P70475
TRAIN_Q13451	TRAIN_Q13451
TRAIN_P00127	TRAIN_P00127
TRAIN_Q01417	TRAIN_Q01417
TRAIN_Q01417	TRAIN_Q9FG31
TRAIN_P05205	TRAIN_P05205
TRAIN_P05205	TRAIN_P83916
TRAIN_P05205	VAL_P83917
TRAIN_Q13547	TRAIN_Q13547
TRAIN_Q07812	TRAIN_Q07812
TRAIN_P78504	TRAIN_P78504
TRAIN_O94258	TRAIN_O94258
TRAIN_Q969F2	TRAIN_Q969F2
TRAIN_Q8TEQ6	TRAIN_Q8TEQ6
TRAIN_Q04049	TRAIN_Q04049
TRAIN_Q9RQJ2	TRAIN_Q9RQJ2
TRAIN_O60502	TRAIN_O60502
TRAIN_P22216	TRAIN_P22216
TRAIN_Q14457	TRAIN_Q14457
TRAIN_Q14457	TRAIN_O88597
TRAIN_P06454	TRAIN_P06454
TRAIN_P06454	TEST_P01252
TRAIN_P06454	TRAIN_Q9UMZ1
TRAIN_P50477	TRAIN_P50477
TRAIN_O53168	TRAIN_O53168
TRAIN_P30260	TRAIN_P30260
TRAIN_P22473	TRAIN_P22473
TRAIN_Q9X0Q3	TRAIN_Q9X0Q3
TRAIN_Q3UND0	TRAIN_Q3UND0
TRAIN_P62328	TRAIN_P62328
TRAIN_P62328	VAL_P62326
TRAIN_O14352	TRAIN_O14352
TRAIN_P0C0Y1	TRAIN_P0C0Y1
TRAIN_G4NEJ8	TRAIN_G4NEJ8
TRAIN_P19957	TRAIN_P19957
VAL_P40019	VAL_P40019
VAL_P10415	VAL_P10415
VAL_P10415	TRAIN_Q64373
VAL_P10415	TEST_Q07817
VAL_P10415	TEST_P53563
VAL_A5YKK6	VAL_A5YKK6
VAL_Q9ESJ0	VAL_Q9ESJ0
VAL_P52298	VAL_P52298
VAL_O23813	VAL_O23813
VAL_P03070	VAL_P03070
VAL_Q9IH62	VAL_Q9IH62
VAL_Q99LJ8	VAL_Q99LJ8
VAL_Q9NRN7	VAL_Q9NRN7
VAL_P07674	VAL_P07674
VAL_P55145	VAL_P55145
VAL_Q9H832	VAL_Q9H832
VAL_P35236	VAL_P35236
VAL_P49757	VAL_P49757
VAL_Q9GZZ9	VAL_Q9GZZ9
VAL_Q14493	VAL_Q14493
VAL_P14859	VAL_P14859
VAL_P26477	VAL_P26477
VAL_F1QCV2	VAL_F1QCV2
VAL_A0A220GHA5	VAL_A0A220GHA5
VAL_Q9C552	VAL_Q9C552
VAL_Q91V27	VAL_Q91V27
VAL_P0ADV9	VAL_P0ADV9
VAL_P07342	VAL_P07342
VAL_P10636-8	VAL_P10636-8
VAL_P10636-8	TRAIN_P10636-2
VAL_P04972	VAL_P04972
VAL_P35520	VAL_P35520
VAL_P0A6R3	VAL_P0A6R3
VAL_A0A0G2JXC5	VAL_A0A0G2JXC5
VAL_A0A0G2JXC5	TEST_Q8K4J6
VAL_Q14118	VAL_Q14118
VAL_Q14118	TEST_Q62165
VAL_P43629	VAL_P43629
VAL_P43629	TEST_A6NI73
VAL_P43629	VAL_P24071
VAL_P39926	VAL_P39926
VAL_P39926	TRAIN_P32867
VAL_Q8R316	VAL_Q8R316
VAL_Q8IYV9	VAL_Q8IYV9
VAL_P38293	VAL_P38293
VAL_P06756	VAL_P06756
VAL_P06756	TRAIN_P08514
VAL_P16006	VAL_P16006
VAL_G5EFZ1	VAL_G5EFZ1
VAL_Q9Y237-2	VAL_Q9Y237-2
VAL_Q9Y237-2	VAL_Q9Y237-1
VAL_P51587	VAL_P51587
VAL_Q07108	VAL_Q07108
VAL_Q12834	VAL_Q12834
VAL_P16949	VAL_P16949
VAL_P11274	VAL_P11274
VAL_Q9SUM3	VAL_Q9SUM3
VAL_P0A873	VAL_P0A873
VAL_P59635	VAL_P59635
VAL_P59635	TEST_P0DTC7
VAL_P0CU46	VAL_P0CU46
VAL_P0CU46	TRAIN_P0CU45
VAL_P0CU46	TRAIN_P0CU48
VAL_P0CU46	VAL_P0CU50
VAL_P0CU46	TRAIN_P0CU51
VAL_P0CU46	TRAIN_P0CU52
VAL_P0CU46	TEST_J7M799
VAL_P0CU46	TRAIN_P0CU43
VAL_P0CU46	TRAIN_P0CU44
VAL_Q8R464	VAL_Q8R464
VAL_P29317	VAL_P29317
VAL_O75807	VAL_O75807
VAL_P03714	VAL_P03714
VAL_Q6MRH6	VAL_Q6MRH6
VAL_P04177	VAL_P04177
VAL_Q80ZV0	VAL_Q80ZV0
VAL_Q08605	VAL_Q08605
VAL_Q716H0	VAL_Q716H0
VAL_P0A9D4	VAL_P0A9D4
VAL_P68005	VAL_P68005
VAL_P49869	VAL_P49869
VAL_Q9SQZ9	VAL_Q9SQZ9
VAL_P35256	VAL_P35256
VAL_O43313	VAL_O43313
VAL_Q12432	VAL_Q12432
VAL_Q9Y3E7	VAL_Q9Y3E7
VAL_P16869	VAL_P16869
VAL_P16869	TEST_P42512
VAL_P53816	VAL_P53816
VAL_P53816	TEST_Q9NWW9
VAL_P55197	VAL_P55197
VAL_P09372	VAL_P09372
VAL_Q16630	VAL_Q16630
VAL_A5F384	VAL_A5F384
VAL_P00519-2	VAL_P00519-2
VAL_P00519-2	TRAIN_P00519
VAL_P00519-2	TRAIN_P00520
VAL_P00519-2	TRAIN_P12931
VAL_P00519-2	TRAIN_P07948
VAL_P00519-2	VAL_P08631
VAL_P00519-2	TRAIN_P06239
TRAIN_Q83AR4	TRAIN_Q83AR4
TRAIN_P08179	TRAIN_P08179
TRAIN_P40161	TRAIN_P40161
TRAIN_P53632	TRAIN_P53632
TRAIN_P02315	TRAIN_P02315
TRAIN_P58004	TRAIN_P58004
TRAIN_P0AD27	TRAIN_P0AD27
TRAIN_P0AD27	VAL_P40709
TRAIN_Q9CXW3	TRAIN_Q9CXW3
TRAIN_Q9CXW3	TRAIN_Q9HB71-2
TRAIN_P01099	TRAIN_P01099
TRAIN_P0ADC1	TRAIN_P0ADC1
TRAIN_Q87WW0	TRAIN_Q87WW0
TRAIN_P0ABS5	TRAIN_P0ABS5
TRAIN_P9WJA9	TRAIN_P9WJA9
TRAIN_P9WJA9	TEST_Q8NQJ3
TRAIN_P00749	TRAIN_P00749
TRAIN_P0AG16	TRAIN_P0AG16
TRAIN_Q6SJQ7	TRAIN_Q6SJQ7
TRAIN_J8TM36	TRAIN_J8TM36
TRAIN_J8TM36	TRAIN_A0L5S6
TRAIN_Q9Q8E9	TRAIN_Q9Q8E9
TRAIN_P04775	TRAIN_P04775
TRAIN_P04775	TRAIN_Q99250
TRAIN_P0C8E1	TRAIN_P0C8E1
TRAIN_P0C8E1	TRAIN_P0C8E0
TRAIN_P0A9H7	TRAIN_P0A9H7
TRAIN_Q9N4U5	TRAIN_Q9N4U5
TRAIN_P23025	TRAIN_P23025
TRAIN_P23025	TRAIN_P27088
TRAIN_P0DOC6	TRAIN_P0DOC6
TRAIN_Q02363	TRAIN_Q02363
TRAIN_P62552	TRAIN_P62552
TRAIN_P15516	TRAIN_P15516
TRAIN_P29274	TRAIN_P29274
TRAIN_P29274	TRAIN_P30542
TRAIN_P02929	TRAIN_P02929
TRAIN_Q980M2	TRAIN_Q980M2
TRAIN_Q0GBY3	TRAIN_Q0GBY3
TRAIN_Q0GBY3	VAL_P22363
TRAIN_Q9NT62	TRAIN_Q9NT62
TRAIN_Q9NT62	VAL_P40344
TRAIN_P45523	TRAIN_P45523
TRAIN_P45379	TRAIN_P45379
TRAIN_Q14849	TRAIN_Q14849
TRAIN_P04486	TRAIN_P04486
TRAIN_P04486	TRAIN_P68336
TRAIN_P04486	TRAIN_P06492
TRAIN_Q9UPY3	TRAIN_Q9UPY3
TRAIN_Q16595	TRAIN_Q16595
TRAIN_Q9UER7	TRAIN_Q9UER7
TRAIN_Q9UER7	TRAIN_O35613
TRAIN_P84040	TRAIN_P84040
TRAIN_P84040	TRAIN_P62805
TRAIN_P84040	TRAIN_P62799
TRAIN_P84040	TEST_P02309
TRAIN_P0AFX7	TRAIN_P0AFX7
TRAIN_P15865	TRAIN_P15865
TRAIN_P15865	TRAIN_P07305
TRAIN_P15865	TRAIN_P10922
TRAIN_P15865	TRAIN_P02259
TRAIN_P21246	TRAIN_P21246
TRAIN_P21246	VAL_P63090
TRAIN_P21246	TEST_Q9DDG2
TRAIN_Q53TN4	TRAIN_Q53TN4
TRAIN_P47054	TRAIN_P47054
TRAIN_Q9Y239	TRAIN_Q9Y239
TRAIN_P19880	TRAIN_P19880
TRAIN_P29539	TRAIN_P29539
TRAIN_P12464	TRAIN_P12464
TRAIN_A0A140GKJ0	TRAIN_A0A140GKJ0
TRAIN_P20351	TRAIN_P20351
TRAIN_Q92793	TRAIN_Q92793
TRAIN_Q92793	VAL_P45481
TRAIN_Q92793	TEST_Q09472
TRAIN_P16050	TRAIN_P16050
TRAIN_Q01080	TRAIN_Q01080
TRAIN_P42866	TRAIN_P42866
TRAIN_P42866	VAL_P21109
TRAIN_P42866	TRAIN_P25024
TRAIN_P42866	TEST_P61073
TRAIN_Q9HD36	TRAIN_Q9HD36
TRAIN_P20849	TRAIN_P20849
TRAIN_P03661	TRAIN_P03661
TRAIN_O62301	TRAIN_O62301
TRAIN_Q3E840	TRAIN_Q3E840
TRAIN_Q9VKJ9	TRAIN_Q9VKJ9
TRAIN_Q2KIG3	TRAIN_Q2KIG3
TRAIN_Q23985	TRAIN_Q23985
TRAIN_Q9Y5C1	TRAIN_Q9Y5C1
TRAIN_Q9UJX4	TRAIN_Q9UJX4
TRAIN_P06179	TRAIN_P06179
TRAIN_Q9BTT0	TRAIN_Q9BTT0
TRAIN_O60741	TRAIN_O60741
TRAIN_P0A7K2	TRAIN_P0A7K2
TRAIN_Q04206	TRAIN_Q04206
TRAIN_Q04206	VAL_Q04207
TRAIN_Q04206	VAL_Q548Y4
TRAIN_P9WPI9	TRAIN_P9WPI9
TRAIN_P32499	TRAIN_P32499
TRAIN_P01094	TRAIN_P01094
TRAIN_P49913	TRAIN_P49913
TRAIN_Q99835	TRAIN_Q99835
TRAIN_P35638	TRAIN_P35638
TRAIN_P02313	TRAIN_P02313
TRAIN_P02313	TEST_P05204
TRAIN_O35625	TRAIN_O35625
TRAIN_O35625	VAL_O15169
TRAIN_O35625	VAL_Q9YGY0
TRAIN_P19827	TRAIN_P19827
TRAIN_P60880	TRAIN_P60880
TRAIN_P60880	TRAIN_P60881
TRAIN_Q9NYB9	TRAIN_Q9NYB9
TRAIN_P80870	TRAIN_P80870
TEST_O00308	TEST_O00308
TEST_P05769	TEST_P05769
TEST_P05769	TRAIN_P14335
TEST_P05769	TRAIN_P06935
TEST_P05769	TEST_Q9Q6P4
TEST_P05769	TRAIN_Q32ZE1
TEST_P05769	TRAIN_P17763
TEST_P05769	TRAIN_P14340
TEST_P05769	TRAIN_P29990
TEST_P05769	TRAIN_P12823
TEST_P05769	TRAIN_Q2YHF0
TEST_P05769	TRAIN_Q5UB51
TEST_Q9Y6K9	TEST_Q9Y6K9
TEST_Q9W058	TEST_Q9W058
TEST_P02549	TEST_P02549
TEST_Q61337	TEST_Q61337
TEST_F7DSA5	TEST_F7DSA5
TEST_P50097	TEST_P50097
TEST_Q07820	TEST_Q07820
TEST_P38582	TEST_P38582
TEST_P40477	TEST_P40477
TEST_E3T1W8	TEST_E3T1W8
TEST_E3T1W8	VAL_Q709Q5
TEST_E3T1W8	TEST_Q9T0N8
TEST_Q9UKX7	TEST_Q9UKX7
TEST_Q9UKX7	TEST_Q9JIH2
TEST_P46984	TEST_P46984
TEST_P05556	TEST_P05556
TEST_P05556	TRAIN_P05107
TEST_P05556	TEST_P18564
TEST_P05556	TEST_P05106
TEST_P0CL52	TEST_P0CL52
TEST_K9N5Q8	TEST_K9N5Q8
TEST_K9N5Q8	TRAIN_P0DTC2
TEST_K9N5Q8	TRAIN_P59594
TEST_Q5R6Q2	TEST_Q5R6Q2
TEST_Q12102	TEST_Q12102
TEST_P35926	TEST_P35926
TEST_P04004	TEST_P04004
TEST_Q9M4V2	TEST_Q9M4V2
TEST_P13021	TEST_P13021
TEST_Q24246	TEST_Q24246
TEST_Q8N488	TEST_Q8N488
TEST_Q03689	TEST_Q03689
TEST_A7YK37	TEST_A7YK37
TEST_P03305	TEST_P03305
TEST_Q96EP1	TEST_Q96EP1
TEST_Q7B8V4	TEST_Q7B8V4
TEST_Q7B8V4	TRAIN_Q00496
TEST_Q7B8V4	TRAIN_P30996
TEST_Q7B8V4	TEST_A0A384E149
TEST_P55036	TEST_P55036
TEST_P55036	TEST_O94444
TEST_P47273	TEST_P47273
TEST_P81019	TEST_P81019
TEST_P85800	TEST_P85800
TEST_P17120	TEST_P17120
TEST_Q04660	TEST_Q04660
TEST_Q99LM3	TEST_Q99LM3
TEST_O00522	TEST_O00522
TEST_P31168	TEST_P31168
TEST_P31168	TRAIN_P42763
TEST_P31168	VAL_P42759
TEST_C6ECL5	TEST_C6ECL5
TEST_A5HC98	TEST_A5HC98
TEST_Q57733	TEST_Q57733
TEST_Q9FIX2	TEST_Q9FIX2
TEST_P53905	TEST_P53905
TEST_P12357	TEST_P12357
TEST_P07237	TEST_P07237
TEST_P04908	TEST_P04908
TEST_P04908	VAL_P02263
TEST_P04908	TEST_P84051
TEST_P04908	TEST_Q71UI9
TEST_P00452	TEST_P00452
TEST_P69428	TEST_P69428
TEST_O75324	TEST_O75324
TEST_P04150	TEST_P04150
TEST_P55211	TEST_P55211
TEST_Q68J44	TEST_Q68J44
TEST_Q28146	TEST_Q28146
TEST_P21580	TEST_P21580
TEST_P23677	TEST_P23677
TEST_P23677	TEST_P17105
TEST_Q91WA6	TEST_Q91WA6
TEST_P28698	TEST_P28698
TEST_P26599	TEST_P26599
TEST_P12996	TEST_P12996
TEST_Q58876	TEST_Q58876
TEST_P05546	TEST_P05546
TEST_P13183	TEST_P13183
TEST_O14777	TEST_O14777
TEST_P69490	TEST_P69490
TEST_P19554	TEST_P19554
TEST_Q8IW19	TEST_Q8IW19
TEST_O75496	TEST_O75496
TEST_O75496	TRAIN_O88513
TEST_O15922	TEST_O15922
TEST_O15922	TRAIN_P27695
TEST_O14745	TEST_O14745
TEST_O75506	TEST_O75506
TEST_P12736	TEST_P12736
TEST_P52179	TEST_P52179
TEST_J7QLC0	TEST_J7QLC0
TRAIN_O60486	TRAIN_O60486
TRAIN_P36100	TRAIN_P36100
TRAIN_O60888	TRAIN_O60888
TRAIN_P60761	TRAIN_P60761
TRAIN_P0A6G1	TRAIN_P0A6G1
TRAIN_Q9JI51	TRAIN_Q9JI51
TRAIN_P17947	TRAIN_P17947
TRAIN_Q9RJY2	TRAIN_Q9RJY2
TRAIN_P76045	TRAIN_P76045
TRAIN_P33128	TRAIN_P33128
TRAIN_Q96E14	TRAIN_Q96E14
TRAIN_P0DJ89	TRAIN_P0DJ89
TRAIN_P31751	TRAIN_P31751
TRAIN_P31751	TRAIN_P31749
TRAIN_Q9KRE7	TRAIN_Q9KRE7
TRAIN_P50616	TRAIN_P50616
TRAIN_Q07097	TRAIN_Q07097
TRAIN_O31851	TRAIN_O31851
TRAIN_P33905	TRAIN_P33905
TRAIN_Q9Y4P1	TRAIN_Q9Y4P1
TRAIN_O70480	TRAIN_O70480
TRAIN_O70480	TRAIN_P63027
TRAIN_O70480	TEST_P63045
TRAIN_Q8PMB6	TRAIN_Q8PMB6
TRAIN_O69245	TRAIN_O69245
TRAIN_Q9KX51	TRAIN_Q9KX51
TRAIN_Q96AY2	TRAIN_Q96AY2
TRAIN_Q5RJI5	TRAIN_Q5RJI5
TRAIN_Q5RJI5	TRAIN_P11309
TRAIN_P36152	TRAIN_P36152
TRAIN_P19711	TRAIN_P19711
TRAIN_A6QHR2	TRAIN_A6QHR2
TRAIN_P32851	TRAIN_P32851
TRAIN_P09950	TRAIN_P09950
TRAIN_Q15582	TRAIN_Q15582
TRAIN_Q64487-12	TRAIN_Q64487-12
TRAIN_Q64487-12	TRAIN_P28827
TRAIN_O89467	TRAIN_O89467
TRAIN_P13010	TRAIN_P13010
TRAIN_Q96PY5	TRAIN_Q96PY5
TRAIN_Q96PY5	VAL_Q6ZPF4
TRAIN_Q8XAD5	TRAIN_Q8XAD5
TRAIN_P47480	TRAIN_P47480
TRAIN_O75223	TRAIN_O75223
TRAIN_P9WJD9	TRAIN_P9WJD9
TRAIN_P15391	TRAIN_P15391
TRAIN_Q16831	TRAIN_Q16831
TRAIN_O14974	TRAIN_O14974
TRAIN_O14974	VAL_Q90623
TRAIN_P25916	TRAIN_P25916
TRAIN_O14776	TRAIN_O14776
TRAIN_P48539	TRAIN_P48539
TRAIN_P0A7G2	TRAIN_P0A7G2
TRAIN_P29590	TRAIN_P29590
TRAIN_Q86YV5	TRAIN_Q86YV5
TRAIN_E1BSW7	TRAIN_E1BSW7
TRAIN_O00273	TRAIN_O00273
TRAIN_Q4VP08	TRAIN_Q4VP08
TRAIN_Q47184	TRAIN_Q47184
TRAIN_Q1HRL7	TRAIN_Q1HRL7
TRAIN_Q14194	TRAIN_Q14194
TRAIN_Q14194	TRAIN_P97427
TRAIN_Q14194	TRAIN_Q55DL0
TRAIN_Q9Y2Z0	TRAIN_Q9Y2Z0
TRAIN_P07214	TRAIN_P07214
TRAIN_P55789	TRAIN_P55789
TRAIN_P97303	TRAIN_P97303
TRAIN_O95997	TRAIN_O95997
TRAIN_O14214	TRAIN_O14214
TRAIN_P24005	TRAIN_P24005
TRAIN_Q68FT9	TRAIN_Q68FT9
TRAIN_Q9MAA7	TRAIN_Q9MAA7
TRAIN_Q9JK66	TRAIN_Q9JK66
TRAIN_Q9JK66	TRAIN_O60260
TRAIN_Q94218-2	TRAIN_Q94218-2
TRAIN_P01139	TRAIN_P01139
TRAIN_P39935	TRAIN_P39935
TRAIN_O43715	TRAIN_O43715
TRAIN_Q9UMR2	TRAIN_Q9UMR2
TRAIN_Q9UMR2	TRAIN_Q13838
TRAIN_Q9UMR2	TRAIN_P10081
TRAIN_Q9UMR2	TEST_P38919
TRAIN_Q02521	TRAIN_Q02521
TRAIN_Q9VMA3	TRAIN_Q9VMA3
TRAIN_P36886	TRAIN_P36886
TRAIN_Q96SD1	TRAIN_Q96SD1
TRAIN_Q80VW5	TRAIN_Q80VW5
TRAIN_P51513	TRAIN_P51513
TRAIN_P12081	TRAIN_P12081
TRAIN_Q9Y5S9	TRAIN_Q9Y5S9
TRAIN_O61667	TRAIN_O61667
TRAIN_Q8WYP5	TRAIN_Q8WYP5
TRAIN_Q8WYP5	TRAIN_Q8CJF7
TRAIN_P49023	TRAIN_P49023
TRAIN_P21952	TRAIN_P21952
TRAIN_O23764	TRAIN_O23764
TRAIN_P16009	TRAIN_P16009
TRAIN_P0AG86	TRAIN_P0AG86
TRAIN_Q88QP8	TRAIN_Q88QP8
TRAIN_Q88QP8	VAL_P0CE48
TRAIN_P25054	TRAIN_P25054
TRAIN_Q86VN1	TRAIN_Q86VN1
TRAIN_P05387	TRAIN_P05387
TRAIN_P05387	TRAIN_P05386
TRAIN_P05387	TRAIN_P02400
TRAIN_P56926	TRAIN_P56926
TRAIN_P11940	TRAIN_P11940
TRAIN_P11940	TRAIN_P04147
TRAIN_P31153	TRAIN_P31153
TRAIN_P23771	TRAIN_P23771
TRAIN_P10688	TRAIN_P10688
TRAIN_P07293	TRAIN_P07293
TRAIN_P07293	TRAIN_Q13698
TRAIN_P80723	TRAIN_P80723
TRAIN_P07140	TRAIN_P07140
TRAIN_Q9UKT5	TRAIN_Q9UKT5
TRAIN_P0AE98	TRAIN_P0AE98
TRAIN_C6ZFX3	TRAIN_C6ZFX3
TRAIN_Q9WBP8	TRAIN_Q9WBP8
TRAIN_Q9WBP8	TRAIN_O56139
TRAIN_Q9WBP8	TEST_Q808Y3
TRAIN_Q9WBP8	TRAIN_Q9YIJ1
TRAIN_Q9WBP8	TEST_B4Y891
TRAIN_Q96GC6	TRAIN_Q96GC6
TRAIN_P29353	TRAIN_P29353
TRAIN_I7MK25	TRAIN_I7MK25
TRAIN_I7MK25	TEST_P47813
TRAIN_P38936	TRAIN_P38936
TRAIN_G0S3L5	TRAIN_G0S3L5
TRAIN_G0S3L5	VAL_Q00955
TRAIN_Q24139	TRAIN_Q24139
TRAIN_P06401	TRAIN_P06401
TRAIN_P06401	TRAIN_P10275
TRAIN_P51946	TRAIN_P51946
TRAIN_O14140	TRAIN_O14140
TRAIN_O14140	TEST_P60896
TRAIN_Q682I1	TRAIN_Q682I1
TRAIN_P40949	TRAIN_P40949
TRAIN_Q99IB8	TRAIN_Q99IB8
TRAIN_Q99IB8	TRAIN_P27958
TRAIN_Q99IB8	TRAIN_Q9WMX2
TRAIN_Q99IB8	VAL_O92972
TRAIN_Q99IB8	TRAIN_Q69422
TRAIN_P0AFZ3	TRAIN_P0AFZ3
TRAIN_P20220	TRAIN_P20220
TRAIN_Q8WVM7	TRAIN_Q8WVM7
TRAIN_F9UST4	TRAIN_F9UST4
TRAIN_P51123	TRAIN_P51123
TRAIN_P51123	TEST_P21675
TRAIN_Q8GT36	TRAIN_Q8GT36
TRAIN_O60239	TRAIN_O60239
TRAIN_O74958	TRAIN_O74958
TRAIN_P03431	TRAIN_P03431
TRAIN_Q9FLN8	TRAIN_Q9FLN8
TRAIN_Q6P3W2	TRAIN_Q6P3W2
TRAIN_P0AE70	TRAIN_P0AE70
TRAIN_P26039	TRAIN_P26039
TRAIN_P83755	TRAIN_P83755
TRAIN_P08581	TRAIN_P08581
TRAIN_Q9L9I0	TRAIN_Q9L9I0
TRAIN_O81283	TRAIN_O81283
TRAIN_O81283	TRAIN_Q9SLF3
TRAIN_P22059	TRAIN_P22059
TRAIN_P9WIP5	TRAIN_P9WIP5
TRAIN_P02754	TRAIN_P02754
TRAIN_Q2Q4X9	TRAIN_Q2Q4X9
TRAIN_Q56062	TRAIN_Q56062
TRAIN_Q38151	TRAIN_Q38151
TRAIN_Q8K419	TRAIN_Q8K419
TRAIN_Q8K419	TRAIN_O00214
TRAIN_Q13464	TRAIN_Q13464
TRAIN_Q1PAB4	TRAIN_Q1PAB4
TRAIN_Q1PAB4	TRAIN_P20893
TRAIN_Q1PAB4	TRAIN_P69697
TRAIN_Q1PAB4	TRAIN_Q98XH7
TRAIN_Q1PAB4	VAL_P04613
TRAIN_Q1PAB4	VAL_P04610
TRAIN_Q1PAB4	VAL_P04608
TRAIN_Q1PAB4	VAL_P04611
TRAIN_Q1PAB4	VAL_P20879
TRAIN_Q1PAB4	VAL_D2CPS8
TRAIN_Q1PAB4	TEST_P12506
TRAIN_Q09535	TRAIN_Q09535
TRAIN_P51825	TRAIN_P51825
TRAIN_P51825	TRAIN_Q9UHB7
TRAIN_Q9ERE7	TRAIN_Q9ERE7
TRAIN_Q9ERE7	VAL_Q8T9B6
TRAIN_Q9ERE7	TEST_Q8IG33
TRAIN_P09883	TRAIN_P09883
TRAIN_P28583	TRAIN_P28583
TRAIN_P28583	TRAIN_P62152
TRAIN_Q03653	TRAIN_Q03653
TRAIN_Q15418	TRAIN_Q15418
TRAIN_P16860	TRAIN_P16860
TRAIN_Q01831	TRAIN_Q01831
TRAIN_P62558	TRAIN_P62558
TRAIN_A0A178W0D3	TRAIN_A0A178W0D3
TRAIN_Q8NG31	TRAIN_Q8NG31
TRAIN_Q885L4	TRAIN_Q885L4
TRAIN_P08294	TRAIN_P08294
TRAIN_P08294	TRAIN_P00441
TRAIN_P17181	TRAIN_P17181
TRAIN_Q9NR28	TRAIN_Q9NR28
TRAIN_Q703G9	TRAIN_Q703G9
TRAIN_P27797	TRAIN_P27797
TRAIN_P32504	TRAIN_P32504
TRAIN_Q8N300	TRAIN_Q8N300
TEST_O00204	TEST_O00204
TEST_O00204	TRAIN_O00204-2
TEST_O00204	TRAIN_P0DMM9
TEST_P0AC88	TEST_P0AC88
TEST_Q9SEL7	TEST_Q9SEL7
TEST_Q93KQ4	TEST_Q93KQ4
TEST_P0A8S9	TEST_P0A8S9
TEST_Q09161	TEST_Q09161
TEST_P32776	TEST_P32776
TRAIN_P08523	TRAIN_P08523
TRAIN_P19634	TRAIN_P19634
TRAIN_P80428	TRAIN_P80428
TRAIN_O60829	TRAIN_O60829
TRAIN_Q6P5W5	TRAIN_Q6P5W5
TRAIN_O23661	TRAIN_O23661
TRAIN_P50148	TRAIN_P50148
TRAIN_P50148	TEST_P10824
TRAIN_P50148	TRAIN_P04695
TRAIN_Q07528	TRAIN_Q07528
TRAIN_Q9UPR3	TRAIN_Q9UPR3
TRAIN_Q9NQB0	TRAIN_Q9NQB0
TRAIN_Q9NQB0	TRAIN_P27782
TRAIN_Q13426	TRAIN_Q13426
TRAIN_Q15717	TRAIN_Q15717
TRAIN_P05318	TRAIN_P05318
TRAIN_B8YB65	TRAIN_B8YB65
TRAIN_P05367	TRAIN_P05367
TRAIN_P05367	TEST_P0DJI8
TRAIN_Q9UK55	TRAIN_Q9UK55
TRAIN_Q9UK55	TRAIN_P01009
TRAIN_Q9UK55	TRAIN_Q8IW75
TRAIN_Q8AVN9	TRAIN_Q8AVN9
TRAIN_Q8BHZ5	TRAIN_Q8BHZ5
TRAIN_P52874	TRAIN_P52874
TRAIN_Q96N21	TRAIN_Q96N21
TRAIN_Q05919	TRAIN_Q05919
TRAIN_A0ZWU1	TRAIN_A0ZWU1
TRAIN_P53853	TRAIN_P53853
TRAIN_P02631	TRAIN_P02631
TRAIN_P02631	VAL_P02628
TRAIN_P02631	TEST_E1UJ20
TRAIN_P02631	TRAIN_P02619
TRAIN_O50835	TRAIN_O50835
TRAIN_Q08826	TRAIN_Q08826
TRAIN_Q08826	VAL_O60493
TRAIN_Q05140	TRAIN_Q05140
TRAIN_Q05140	TRAIN_Q61548
TRAIN_Q05140	VAL_Q9VI75
TRAIN_Q91VS8	TRAIN_Q91VS8
TRAIN_Q91VS8	TEST_Q9Y4F1
TRAIN_O25555	TRAIN_O25555
TRAIN_Q98157	TRAIN_Q98157
TRAIN_Q04637-8	TRAIN_Q04637-8
TRAIN_Q04637-8	TRAIN_Q04637
TRAIN_Q9SU24	TRAIN_Q9SU24
TRAIN_K9MZ21	TRAIN_K9MZ21
TRAIN_K9MZ21	TEST_Q91MK1
TRAIN_Q00944	TRAIN_Q00944
TRAIN_Q00944	TRAIN_Q05397
TRAIN_Q05753	TRAIN_Q05753
TRAIN_Q85258	TRAIN_Q85258
TRAIN_Q9LZP9	TRAIN_Q9LZP9
TRAIN_Q9LZP9	TEST_Q6BBK3
TRAIN_P0A6H5	TRAIN_P0A6H5
TRAIN_P03496	TRAIN_P03496
TRAIN_P0A9A6	TRAIN_P0A9A6
TRAIN_P0A9A6	TEST_P17865
TRAIN_P60460	TRAIN_P60460
TRAIN_O67086	TRAIN_O67086
TRAIN_P35828	TRAIN_P35828
TRAIN_P56206	TRAIN_P56206
TRAIN_P69346	TRAIN_P69346
TRAIN_Q9EPU7	TRAIN_Q9EPU7
TRAIN_P0A877	TRAIN_P0A877
TRAIN_O57173	TRAIN_O57173
TRAIN_Q03479	TRAIN_Q03479
TRAIN_P17109	TRAIN_P17109
TRAIN_P29536	TRAIN_P29536
TRAIN_Q9RFD6	TRAIN_Q9RFD6
TRAIN_Q9NQS7	TRAIN_Q9NQS7
TRAIN_Q9P2K3-3	TRAIN_Q9P2K3-3
TRAIN_Q9P2K3-3	TRAIN_Q9UKL0
TRAIN_Q5NJL5	TRAIN_Q5NJL5
TRAIN_O95644	TRAIN_O95644
TRAIN_O95644	TRAIN_Q13469
TRAIN_Q81EJ6	TRAIN_Q81EJ6
TRAIN_E6Y5X0	TRAIN_E6Y5X0
TRAIN_O43602	TRAIN_O43602
TRAIN_P70280	TRAIN_P70280
TRAIN_P63165	TRAIN_P63165
TRAIN_P63165	VAL_Q12306
TRAIN_Q92837	TRAIN_Q92837
TRAIN_P60006	TRAIN_P60006
TRAIN_Q9HCB6	TRAIN_Q9HCB6
TRAIN_P56254	TRAIN_P56254
TRAIN_A6Q0K5	TRAIN_A6Q0K5
TRAIN_B0FRH7	TRAIN_B0FRH7
TRAIN_Q13501	TRAIN_Q13501
TRAIN_P0C066	TRAIN_P0C066
TRAIN_P54936	TRAIN_P54936
TRAIN_P54936	TRAIN_O14936
TRAIN_P04578	TRAIN_P04578
TRAIN_P27472	TRAIN_P27472
TRAIN_P52926	TRAIN_P52926
TRAIN_Q9RY65	TRAIN_Q9RY65
TRAIN_Q9RY65	VAL_P0A7L8
TRAIN_P0A9K9	TRAIN_P0A9K9
TRAIN_O60927	TRAIN_O60927
TRAIN_P01127	TRAIN_P01127
TRAIN_E6PBU9	TRAIN_E6PBU9
TRAIN_P0A7T7	TRAIN_P0A7T7
TRAIN_P32684	TRAIN_P32684
TRAIN_P32684	TRAIN_P75966
TRAIN_P29083	TRAIN_P29083
TRAIN_Q13164	TRAIN_Q13164
TRAIN_Q13164	TRAIN_P27361
TRAIN_Q13164	VAL_P16892
TRAIN_Q13164	TRAIN_P53778
TRAIN_Q13164	TEST_Q39026
TRAIN_Q13164	TRAIN_P50750
TRAIN_P53865	TRAIN_P53865
TRAIN_P40692	TRAIN_P40692
TRAIN_Q96RD7	TRAIN_Q96RD7
TRAIN_Q9I1X7	TRAIN_Q9I1X7
TRAIN_O60568	TRAIN_O60568
TRAIN_P62318	TRAIN_P62318
TRAIN_P62318	TEST_P62320
TRAIN_P62318	TEST_P62323
TRAIN_P04386	TRAIN_P04386
TRAIN_P08235	TRAIN_P08235
TRAIN_P06437	TRAIN_P06437
TRAIN_P04818	TRAIN_P04818
TRAIN_P04818	TRAIN_P45352
TRAIN_P32170	TRAIN_P32170
TRAIN_Q81GI3	TRAIN_Q81GI3
TRAIN_Q24F70	TRAIN_Q24F70
TRAIN_P47142	TRAIN_P47142
TRAIN_P47142	TEST_Q9BRG1
TRAIN_Q05917	TRAIN_Q05917
TRAIN_Q71FK2	TRAIN_Q71FK2
TRAIN_P20823	TRAIN_P20823
TRAIN_P20823	TEST_P35680
TRAIN_P08253	TRAIN_P08253
TRAIN_P08253	TRAIN_P03956
TRAIN_P08253	VAL_P39900
TRAIN_P08253	TRAIN_P09237
TRAIN_Q16665	TRAIN_Q16665
TRAIN_Q06208	TRAIN_Q06208
TRAIN_Q9UBT2	TRAIN_Q9UBT2
TRAIN_P15340	TRAIN_P15340
TRAIN_Q9HAN9	TRAIN_Q9HAN9
TRAIN_P0ABJ1	TRAIN_P0ABJ1
TRAIN_O60934	TRAIN_O60934
TRAIN_Q53FT3	TRAIN_Q53FT3
TRAIN_B2LME8	TRAIN_B2LME8
TRAIN_P04383	TRAIN_P04383
TRAIN_P56962	TRAIN_P56962
TRAIN_P01130	TRAIN_P01130
TRAIN_O33599	TRAIN_O33599
TRAIN_P0A707	TRAIN_P0A707
TRAIN_P34021-2	TRAIN_P34021-2
TRAIN_Q06253	TRAIN_Q06253
TRAIN_P32004	TRAIN_P32004
TRAIN_Q02629	TRAIN_Q02629
TRAIN_P04968	TRAIN_P04968
TRAIN_P02686	TRAIN_P02686
TRAIN_P02686	TRAIN_P02687
TRAIN_P02686	TRAIN_P02686-5
TRAIN_P02686	TRAIN_P81558
TRAIN_P02686	TEST_P04370-5
TRAIN_F0ZBA6	TRAIN_F0ZBA6
TRAIN_P34257	TRAIN_P34257
TRAIN_P07516	TRAIN_P07516
TRAIN_P06149	TRAIN_P06149
TRAIN_Q12476	TRAIN_Q12476
TRAIN_Q8N1Q8	TRAIN_Q8N1Q8
TRAIN_Q8N1Q8	TRAIN_Q5T1C6
TRAIN_O60508	TRAIN_O60508
TRAIN_Q7TP21	TRAIN_Q7TP21
TRAIN_Q7TP21	TRAIN_P27694
TRAIN_Q7TP21	TRAIN_Q9SKI4
TRAIN_Q7TP21	VAL_Q10Q08
TRAIN_Q7TP21	TEST_Q1K7R9
TRAIN_P58753	TRAIN_P58753
TRAIN_P07476	TRAIN_P07476
TRAIN_P68688	TRAIN_P68688
TRAIN_Q13542	TRAIN_Q13542
TRAIN_Q13542	TRAIN_Q13541
TRAIN_P0A903	TRAIN_P0A903
TRAIN_P61012	TRAIN_P61012
TRAIN_P38968	TRAIN_P38968
TRAIN_P27986	TRAIN_P27986
TRAIN_P27986	TRAIN_O08908
TRAIN_P0AES9	TRAIN_P0AES9
TRAIN_Q12406	TRAIN_Q12406
TRAIN_P0AFG0	TRAIN_P0AFG0
TRAIN_Q07412	TRAIN_Q07412
TRAIN_P04480	TRAIN_P04480
TRAIN_Q6ZVN8	TRAIN_Q6ZVN8
TRAIN_Q7Q3R9	TRAIN_Q7Q3R9
TRAIN_Q7Q3R9	VAL_Q9NJS1
TRAIN_Q86XI6	TRAIN_Q86XI6
TRAIN_Q06810	TRAIN_Q06810
TRAIN_Q8WZ42	TRAIN_Q8WZ42
TRAIN_P12301	TRAIN_P12301
TRAIN_P60058	TRAIN_P60058
TRAIN_Q22472	TRAIN_Q22472
TRAIN_P17838	TRAIN_P17838
TRAIN_O14672	TRAIN_O14672
TRAIN_Q925J9	TRAIN_Q925J9
TRAIN_Q27974	TRAIN_Q27974
TRAIN_O60880	TRAIN_O60880
TRAIN_Q8WUG5	TRAIN_Q8WUG5
TRAIN_Q12287	TRAIN_Q12287
TRAIN_Q9SIN5	TRAIN_Q9SIN5
TRAIN_Q9SIN5	TRAIN_Q42512
VAL_P03437	VAL_P03437
VAL_P02699	VAL_P02699
VAL_P11171	VAL_P11171
VAL_P98066	VAL_P98066
VAL_Q9H3P2	VAL_Q9H3P2
VAL_P17778	VAL_P17778
VAL_P80220	VAL_P80220
VAL_Q9Y5B0	VAL_Q9Y5B0
VAL_P9WHN5	VAL_P9WHN5
VAL_P28300	VAL_P28300
VAL_O14733	VAL_O14733
VAL_O14733	VAL_P52564
VAL_P42768	VAL_P42768
VAL_P42768	TEST_Q91YD9
VAL_Q39805	VAL_Q39805
VAL_P40939	VAL_P40939
VAL_P40939	TEST_Q9ZPI5
VAL_P26645	VAL_P26645
VAL_Q9VZU1	VAL_Q9VZU1
VAL_Q96FI4	VAL_Q96FI4
VAL_P37028	VAL_P37028
VAL_Q9H2Y7	VAL_Q9H2Y7
VAL_Q0WYX8	VAL_Q0WYX8
VAL_O75928	VAL_O75928
VAL_P52272	VAL_P52272
VAL_P46669	VAL_P46669
VAL_Q9Y3M2	VAL_Q9Y3M2
VAL_Q8NI22	VAL_Q8NI22
VAL_Q03611	VAL_Q03611
VAL_P77667	VAL_P77667
VAL_Q9Y613	VAL_Q9Y613
VAL_P12302	VAL_P12302
VAL_P12302	TRAIN_P18212
VAL_P18272	VAL_P18272
VAL_P21374	VAL_P21374
VAL_Q9J0X9	VAL_Q9J0X9
VAL_Q9NX55	VAL_Q9NX55
VAL_P53420	VAL_P53420
VAL_Q8IV16	VAL_Q8IV16
VAL_Q9U3S5	VAL_Q9U3S5
VAL_P43403	VAL_P43403
VAL_P51608	VAL_P51608
VAL_P00974	VAL_P00974
VAL_Q96MS0	VAL_Q96MS0
VAL_B9KDD4	VAL_B9KDD4
VAL_Q6PHW0	VAL_Q6PHW0
VAL_P06709	VAL_P06709
VAL_P06709	TRAIN_P96884
VAL_Q9UBU9	VAL_Q9UBU9
VAL_P19972	VAL_P19972
VAL_G0SCY6	VAL_G0SCY6
VAL_P29375	VAL_P29375
VAL_P29375	VAL_Q9UGL1
VAL_P25299	VAL_P25299
VAL_Q09882	VAL_Q09882
VAL_Q09882	TEST_Q13573
VAL_O88393	VAL_O88393
VAL_A0A0H3CFC9	VAL_A0A0H3CFC9
VAL_A0KJC7	VAL_A0KJC7
VAL_P03315	VAL_P03315
VAL_P03315	TRAIN_P27284
VAL_P03315	TEST_P03316
VAL_Q14258	VAL_Q14258
VAL_P56524	VAL_P56524
VAL_P83731	VAL_P83731
VAL_P63241	VAL_P63241
VAL_P27177	VAL_P27177
VAL_P27177	TRAIN_P10279
VAL_P27177	TRAIN_P04156
VAL_P27177	VAL_P04925
VAL_P27177	TRAIN_P04273
VAL_P27177	TRAIN_Q9I9C0
VAL_P27177	TRAIN_Q5S1W7
VAL_P32917	VAL_P32917
VAL_Q39532	VAL_Q39532
VAL_Q9UJX3	VAL_Q9UJX3
VAL_P22515	VAL_P22515
VAL_Q8TDY2	VAL_Q8TDY2
VAL_P51400	VAL_P51400
VAL_Q01484	VAL_Q01484
VAL_Q01484	TRAIN_A0A5F9ZHA1
VAL_O43663	VAL_O43663
VAL_Q6DD88	VAL_Q6DD88
VAL_A0A0H3LBR3	VAL_A0A0H3LBR3
VAL_P02666	VAL_P02666
VAL_P0AE72	VAL_P0AE72
TRAIN_Q9BPZ7	TRAIN_Q9BPZ7
TRAIN_P46014	TRAIN_P46014
TRAIN_Q01924	TRAIN_Q01924
TRAIN_Q16647	TRAIN_Q16647
TRAIN_Q16647	TRAIN_F1RE08
TRAIN_P53927	TRAIN_P53927
TRAIN_P33322	TRAIN_P33322
TRAIN_Q26997	TRAIN_Q26997
TRAIN_A0LU48	TRAIN_A0LU48
TRAIN_P40337	TRAIN_P40337
TRAIN_O60566	TRAIN_O60566
TRAIN_O34800	TRAIN_O34800
TRAIN_Q8MWS6	TRAIN_Q8MWS6
TRAIN_P0A6X3	TRAIN_P0A6X3
TRAIN_O95391	TRAIN_O95391
TRAIN_P15825	TRAIN_P15825
TRAIN_Q38825	TRAIN_Q38825
TRAIN_Q15637	TRAIN_Q15637
TRAIN_P36955	TRAIN_P36955
TRAIN_P03265	TRAIN_P03265
TRAIN_P03040	TRAIN_P03040
TRAIN_Q9SP32	TRAIN_Q9SP32
TRAIN_Q9SP32	TRAIN_P84634
TRAIN_Q43125	TRAIN_Q43125
TRAIN_P0ABS1	TRAIN_P0ABS1
TRAIN_O95278	TRAIN_O95278
TRAIN_P37231	TRAIN_P37231
TRAIN_Q58MU6	TRAIN_Q58MU6
TRAIN_Q8VHK2	TRAIN_Q8VHK2
TRAIN_M1GUG5	TRAIN_M1GUG5
TRAIN_Q9NS91	TRAIN_Q9NS91
TRAIN_Q15691	TRAIN_Q15691
TRAIN_P37173	TRAIN_P37173
TRAIN_P37173	VAL_P36894
TRAIN_A6ND01	TRAIN_A6ND01
TRAIN_O14519	TRAIN_O14519
TRAIN_Q9NRR4	TRAIN_Q9NRR4
TRAIN_P52695	TRAIN_P52695
TRAIN_Q47785	TRAIN_Q47785
TRAIN_P47710	TRAIN_P47710
TRAIN_P35611	TRAIN_P35611
TRAIN_P35611	VAL_P35612
TRAIN_O95843	TRAIN_O95843
TRAIN_O95843	TRAIN_P46065
TRAIN_O95843	TRAIN_P51177
TRAIN_P16278	TRAIN_P16278
TRAIN_P49768	TRAIN_P49768
TRAIN_P44654	TRAIN_P44654
TRAIN_Q9RSK0	TRAIN_Q9RSK0
TRAIN_Q99967	TRAIN_Q99967
TRAIN_O75533	TRAIN_O75533
TRAIN_A7ZUK2	TRAIN_A7ZUK2
TRAIN_Q6CMF0	TRAIN_Q6CMF0
TRAIN_O95071	TRAIN_O95071
TRAIN_Q16222	TRAIN_Q16222
TRAIN_Q16222	TRAIN_Q16222-2
TRAIN_P0CY08	TRAIN_P0CY08
TRAIN_P36161	TRAIN_P36161
TRAIN_Q8TEA8	TRAIN_Q8TEA8
TRAIN_P83949	TRAIN_P83949
TRAIN_O16299	TRAIN_O16299
TRAIN_Q9BVI0	TRAIN_Q9BVI0
TRAIN_Q7DD77	TRAIN_Q7DD77
TRAIN_Q9NP98	TRAIN_Q9NP98
TRAIN_P78794	TRAIN_P78794
TRAIN_P97784	TRAIN_P97784
TRAIN_P97784	TRAIN_Q9R194
TRAIN_P97784	TEST_Q49AN0
TRAIN_P22605	TRAIN_P22605
TRAIN_P22605	TRAIN_O75469
TRAIN_P22605	TRAIN_P11473
TRAIN_P46531	TRAIN_P46531
TRAIN_A0A060ZAA1	TRAIN_A0A060ZAA1
TRAIN_Q07912	TRAIN_Q07912
TRAIN_Q5JJ98	TRAIN_Q5JJ98
TRAIN_Q9UJX6	TRAIN_Q9UJX6
TRAIN_Q53GG5	TRAIN_Q53GG5
TRAIN_Q53GG5	TRAIN_O75112-6
TRAIN_Q99741	TRAIN_Q99741
TRAIN_P53779	TRAIN_P53779
TRAIN_P9WHJ5	TRAIN_P9WHJ5
TRAIN_Q8BPB0	TRAIN_Q8BPB0
TRAIN_P42226	TRAIN_P42226
TRAIN_Q8IYB3	TRAIN_Q8IYB3
TRAIN_P20963	TRAIN_P20963
TRAIN_P20963	TEST_P30273
TRAIN_P33334	TRAIN_P33334
TRAIN_P33334	TRAIN_O14187
TRAIN_P33334	TRAIN_P34369
TRAIN_P09132	TRAIN_P09132
TRAIN_Q57904	TRAIN_Q57904
TRAIN_Q81G39	TRAIN_Q81G39
TRAIN_Q9DCL8	TRAIN_Q9DCL8
TRAIN_Q9DCL8	TRAIN_P41236
TRAIN_P49785	TRAIN_P49785
TRAIN_Q04884	TRAIN_Q04884
TRAIN_O95147	TRAIN_O95147
TRAIN_Q9XTY3	TRAIN_Q9XTY3
TRAIN_O43172	TRAIN_O43172
TRAIN_Q9ZKK2	TRAIN_Q9ZKK2
TRAIN_P22470	TRAIN_P22470
TRAIN_Q3MIT2	TRAIN_Q3MIT2
TRAIN_Q9BZE9	TRAIN_Q9BZE9
TRAIN_P61926	TRAIN_P61926
TRAIN_P61926	TRAIN_P61925
TRAIN_Q9SSN3	TRAIN_Q9SSN3
TRAIN_P87666	TRAIN_P87666
TRAIN_P87666	TRAIN_Q05320
TRAIN_Q8N5Y2	TRAIN_Q8N5Y2
TRAIN_P35193	TRAIN_P35193
TRAIN_P14907	TRAIN_P14907
TRAIN_Q9NRY2	TRAIN_Q9NRY2
TRAIN_P10686	TRAIN_P10686
TRAIN_P35813	TRAIN_P35813
TRAIN_Q14318	TRAIN_Q14318
TRAIN_P11166	TRAIN_P11166
TRAIN_Q03281	TRAIN_Q03281
TRAIN_Q01844	TRAIN_Q01844
TRAIN_Q01844	TRAIN_Q92804
TRAIN_Q01844	TRAIN_P35637
TRAIN_Q05193	TRAIN_Q05193
TRAIN_Q05193	TEST_P21575
TRAIN_Q05193	TEST_O00429
TRAIN_Q05193	VAL_O00429-3
TRAIN_P0ABD8	TRAIN_P0ABD8
TRAIN_P0ABD8	TRAIN_P0ABE0
TRAIN_P32774	TRAIN_P32774
TRAIN_Q9Z0P7	TRAIN_Q9Z0P7
TRAIN_Q9Z0P7	TEST_Q9UMX1
TRAIN_Q8N884	TRAIN_Q8N884
TRAIN_O31467	TRAIN_O31467
TRAIN_P35729	TRAIN_P35729
TRAIN_P0CU49	TRAIN_P0CU49
TRAIN_P03126	TRAIN_P03126
TRAIN_P03126	TRAIN_P26554
TRAIN_P04049	TRAIN_P04049
TRAIN_P10121	TRAIN_P10121
TRAIN_Q9UNL4	TRAIN_Q9UNL4
TRAIN_P0C1H4	TRAIN_P0C1H4
TRAIN_P0C1H4	TRAIN_P06899
TRAIN_P0C1H4	TEST_P02283
TRAIN_P27058	TRAIN_P27058
TRAIN_Q12888	TRAIN_Q12888
TRAIN_O13916	TRAIN_O13916
TRAIN_Q05127	TRAIN_Q05127
TRAIN_P22362	TRAIN_P22362
TRAIN_P16442	TRAIN_P16442
TRAIN_Q8WUN7	TRAIN_Q8WUN7
TRAIN_P10163	TRAIN_P10163
TRAIN_P06786	TRAIN_P06786
TRAIN_P63101	TRAIN_P63101
TRAIN_A8AZZ3	TRAIN_A8AZZ3
TRAIN_J9V8B5	TRAIN_J9V8B5
TRAIN_P49799	TRAIN_P49799
TRAIN_Q8NBP7	TRAIN_Q8NBP7
TRAIN_O17087	TRAIN_O17087
TRAIN_P41851	TRAIN_P41851
TRAIN_P53999	TRAIN_P53999
TRAIN_Q15004	TRAIN_Q15004
TRAIN_Q8ILA1	TRAIN_Q8ILA1
TRAIN_P20592	TRAIN_P20592
TRAIN_P20592	TRAIN_P20591
TRAIN_Q8WXE9	TRAIN_Q8WXE9
TRAIN_P25814	TRAIN_P25814
TRAIN_Q16236	TRAIN_Q16236
TRAIN_Q16236	TRAIN_Q60795
TRAIN_P13693	TRAIN_P13693
TRAIN_P13693	VAL_P63028
TRAIN_P13693	TRAIN_Q10344
TRAIN_Q7RTP6	TRAIN_Q7RTP6
TRAIN_Q7RTP6	TRAIN_Q8VDP3
TRAIN_P07248	TRAIN_P07248
TRAIN_P18065	TRAIN_P18065
TRAIN_Q13042	TRAIN_Q13042
TRAIN_Q7LKB1	TRAIN_Q7LKB1
TRAIN_Q7LKB1	TRAIN_P05453
TRAIN_Q7LKB1	TEST_O74718
TRAIN_Q08209	TRAIN_Q08209
TRAIN_Q08209	TRAIN_P62137
TRAIN_Q8H1D4	TRAIN_Q8H1D4
TRAIN_Q5SQI0	TRAIN_Q5SQI0
TRAIN_P14738	TRAIN_P14738
TRAIN_P68466	TRAIN_P68466
TRAIN_Q8CJ26	TRAIN_Q8CJ26
TRAIN_P30185	TRAIN_P30185
TRAIN_P30185	TRAIN_P12950
TRAIN_P30185	TRAIN_P22239
TRAIN_P30185	TRAIN_Q9M605
TRAIN_P49005	TRAIN_P49005
TRAIN_P40316	TRAIN_P40316
TRAIN_P9WKX3	TRAIN_P9WKX3
TRAIN_P62826	TRAIN_P62826
TRAIN_P62826	TRAIN_Q9SN68
TRAIN_P56777	TRAIN_P56777
TRAIN_F8UU09	TRAIN_F8UU09
TRAIN_Q8VDQ1	TRAIN_Q8VDQ1
TRAIN_Q2VL32	TRAIN_Q2VL32
TRAIN_Q96AC1	TRAIN_Q96AC1
TRAIN_Q96AC1	TRAIN_P59113
TRAIN_Q96AC1	TRAIN_Q86UX7
TRAIN_P38516	TRAIN_P38516
TRAIN_P38516	TRAIN_P60723
TRAIN_P33309	TRAIN_P33309
TRAIN_O74499	TRAIN_O74499
TRAIN_O60200	TRAIN_O60200
TEST_Q9Y696	TEST_Q9Y696
TEST_Q9Y696	TRAIN_O15247
TEST_Q9Y696	TRAIN_O00299
TEST_Q16790	TEST_Q16790
TEST_Q9UHK0	TEST_Q9UHK0
TEST_P0AG30	TEST_P0AG30
TEST_P25644	TEST_P25644
TEST_Q9C1S9	TEST_Q9C1S9
TEST_P01100	TEST_P01100
TEST_Q92905	TEST_Q92905
TEST_Q9Y296	TEST_Q9Y296
TEST_Q07932	TEST_Q07932
TEST_P04035	TEST_P04035
TEST_O14810	TEST_O14810
TEST_P13022	TEST_P13022
TEST_P01019	TEST_P01019
TEST_P01019	TRAIN_P11859
TEST_A1B602	TEST_A1B602
TEST_P32337	TEST_P32337
TEST_P06782	TEST_P06782
TEST_P34233	TEST_P34233
TEST_P61244	TEST_P61244
TEST_P61244	TRAIN_P61244-2
TEST_P08008	TEST_P08008
TEST_Q24570	TEST_Q24570
TEST_Q16667	TEST_Q16667
TEST_P17931	TEST_P17931
TEST_Q96DE5	TEST_Q96DE5
TEST_P0CU47	TEST_P0CU47
TEST_Q3LS93	TEST_Q3LS93
TEST_G1TDB3	TEST_G1TDB3
TEST_P53041	TEST_P53041
TEST_P34712	TEST_P34712
TEST_P34712	TRAIN_P21447
TEST_P34712	VAL_Q72J05
TEST_P07567	TEST_P07567
TEST_P61587	TEST_P61587
TEST_P61587	VAL_P63000
TEST_Q9JPP1	TEST_Q9JPP1
TEST_O54465	TEST_O54465
TEST_P08083	TEST_P08083
TEST_Q92900	TEST_Q92900
TEST_Q92900	TRAIN_Q92900-2
TEST_Q92900	TEST_P30771
TEST_Q9FIC3	TEST_Q9FIC3
TEST_P01215	TEST_P01215
TEST_O24646	TEST_O24646
TEST_Q96G97	TEST_Q96G97
TEST_Q03071	TEST_Q03071
TEST_A4ZNR2	TEST_A4ZNR2
TEST_P15927	TEST_P15927
TEST_P31324	TEST_P31324
TEST_P31324	TEST_P13861
TEST_P31324	TRAIN_P31321
TEST_P31324	VAL_P00514
TEST_O95197	TEST_O95197
TEST_P9WNK3	TEST_P9WNK3
TEST_P17810	TEST_P17810
TEST_Q8ZRP0	TEST_Q8ZRP0
TEST_P02808	TEST_P02808
TEST_P10997	TEST_P10997
TEST_P07276	TEST_P07276
TEST_P9WGI1	TEST_P9WGI1
TEST_P9WGI1	VAL_O32728
TEST_P09983	TEST_P09983
TEST_P09983	TRAIN_P16535
TEST_P02730	TEST_P02730
TEST_Q658P3	TEST_Q658P3
TEST_Q658P3	TRAIN_Q4V8K1
TEST_P49915	TEST_P49915
TEST_Q13569	TEST_Q13569
TEST_Q8IVH8	TEST_Q8IVH8
TEST_P49327	TEST_P49327
TEST_Q9UBW5	TEST_Q9UBW5
TEST_O14965	TEST_O14965
TEST_O14965	TRAIN_Q96GD4
TEST_Q8GUI6	TEST_Q8GUI6
TEST_P04985	TEST_P04985
TEST_O14727	TEST_O14727
TEST_Q9Q8N4	TEST_Q9Q8N4
TEST_Q9H5I1	TEST_Q9H5I1
TEST_P11409	TEST_P11409
TEST_P25344	TEST_P25344
TEST_Q03164	TEST_Q03164
TEST_P08592	TEST_P08592
TEST_P08592	TEST_P05067
TEST_O94316	TEST_O94316
TRAIN_Q9GZN7	TRAIN_Q9GZN7
TRAIN_Q07955	TRAIN_Q07955
TRAIN_Q07955	TEST_Q16629
TRAIN_Q9BUQ8	TRAIN_Q9BUQ8
TRAIN_Q15726	TRAIN_Q15726
TRAIN_P0DTC3	TRAIN_P0DTC3
TRAIN_A4C1A5	TRAIN_A4C1A5
TRAIN_O28769	TRAIN_O28769
TRAIN_O15234	TRAIN_O15234
TRAIN_P23441	TRAIN_P23441
TRAIN_C0J347	TRAIN_C0J347
TRAIN_Q8A6W3	TRAIN_Q8A6W3
TRAIN_Q2TAZ0	TRAIN_Q2TAZ0
TRAIN_Q8TBC4	TRAIN_Q8TBC4
TRAIN_Q97W73	TRAIN_Q97W73
TRAIN_Q95V77	TRAIN_Q95V77
TRAIN_P51023	TRAIN_P51023
TRAIN_P51023	TRAIN_P14921
TRAIN_P51023	TRAIN_P27577
TRAIN_P06132	TRAIN_P06132
TRAIN_P48598	TRAIN_P48598
TRAIN_P48598	TRAIN_P06730
TRAIN_P0AG67	TRAIN_P0AG67
TRAIN_Q8IUQ4	TRAIN_Q8IUQ4
TRAIN_O94742	TRAIN_O94742
TRAIN_Q14449	TRAIN_Q14449
TRAIN_Q14449	TEST_O88900
TRAIN_Q13625	TRAIN_Q13625
TRAIN_P16220	TRAIN_P16220
TRAIN_Q9BQ15	TRAIN_Q9BQ15
TRAIN_P06701	TRAIN_P06701
TRAIN_P54274	TRAIN_P54274
TRAIN_Q9UPP1	TRAIN_Q9UPP1
TRAIN_O75554	TRAIN_O75554
TRAIN_P01160	TRAIN_P01160
TRAIN_P0ABI8	TRAIN_P0ABI8
TRAIN_Q03834	TRAIN_Q03834
TRAIN_Q15113	TRAIN_Q15113
TRAIN_P03050	TRAIN_P03050
TRAIN_A8BB85	TRAIN_A8BB85
TRAIN_Q9Y6I3	TRAIN_Q9Y6I3
TRAIN_Q9Y6I3	TRAIN_Q80VP1
TRAIN_Q9Y6I3	TRAIN_O88339
TRAIN_Q4F883	TRAIN_Q4F883
TRAIN_B6KJB6	TRAIN_B6KJB6
TRAIN_P46670	TRAIN_P46670
TRAIN_Q8IU57	TRAIN_Q8IU57
TRAIN_Q13563	TRAIN_Q13563
TRAIN_P52597	TRAIN_P52597
TRAIN_P77072	TRAIN_P77072
TRAIN_Q59471	TRAIN_Q59471
TRAIN_Q9FUW7	TRAIN_Q9FUW7
TRAIN_P12956	TRAIN_P12956
TRAIN_O73557	TRAIN_O73557
TRAIN_O73557	VAL_A0A097F4I8
TRAIN_A0R1T8	TRAIN_A0R1T8
TRAIN_Q42521	TRAIN_Q42521
TRAIN_P21333	TRAIN_P21333
TRAIN_Q9Y6H6	TRAIN_Q9Y6H6
TRAIN_Q9BTL3	TRAIN_Q9BTL3
TRAIN_P62495	TRAIN_P62495
TRAIN_P08047	TRAIN_P08047
TRAIN_A0A0J9X1Q5	TRAIN_A0A0J9X1Q5
TRAIN_P47992	TRAIN_P47992
TRAIN_Q13351	TRAIN_Q13351
TRAIN_Q87P35	TRAIN_Q87P35
TRAIN_P43351	TRAIN_P43351
TRAIN_Q09427	TRAIN_Q09427
TRAIN_Q09427	TRAIN_Q09428
TRAIN_Q09427	TRAIN_O60706-2
TRAIN_Q04866	TRAIN_Q04866
TRAIN_P02783	TRAIN_P02783
TRAIN_P19429	TRAIN_P19429
TRAIN_P19429	TRAIN_P68246
TRAIN_P19429	TEST_P48788
TRAIN_Q8N4Q1	TRAIN_Q8N4Q1
TRAIN_Q9C000	TRAIN_Q9C000
TRAIN_Q13029	TRAIN_Q13029
TRAIN_Q01097	TRAIN_Q01097
TRAIN_P07766	TRAIN_P07766
TRAIN_Q6FI81	TRAIN_Q6FI81
TRAIN_O35718	TRAIN_O35718
TRAIN_O15273	TRAIN_O15273
TRAIN_P22449	TRAIN_P22449
TRAIN_P31016	TRAIN_P31016
TRAIN_O60701	TRAIN_O60701
TRAIN_O46385	TRAIN_O46385
TRAIN_P53193	TRAIN_P53193
TRAIN_Q12983	TRAIN_Q12983
TRAIN_P0AGE0	TRAIN_P0AGE0
TRAIN_P0AGE0	VAL_P0AGE2
TRAIN_P0AGE0	TEST_P37455
TRAIN_F1QR43	TRAIN_F1QR43
TRAIN_P71590	TRAIN_P71590
TRAIN_P08510	TRAIN_P08510
TRAIN_Q16576	TRAIN_Q16576
TRAIN_Q12972	TRAIN_Q12972
TRAIN_Q8GYN5	TRAIN_Q8GYN5
TRAIN_Q921Z5	TRAIN_Q921Z5
TRAIN_Q2MKA7	TRAIN_Q2MKA7
TRAIN_Q58667	TRAIN_Q58667
TRAIN_Q63K18	TRAIN_Q63K18
TRAIN_P09327	TRAIN_P09327
TRAIN_P09327	TRAIN_P02640
TRAIN_P14602	TRAIN_P14602
TRAIN_P14602	TEST_P02511
TRAIN_P14602	TRAIN_O14558
TRAIN_Q96RJ3	TRAIN_Q96RJ3
TRAIN_P53954	TRAIN_P53954
TRAIN_Q9QXT8	TRAIN_Q9QXT8
TRAIN_Q9QXT8	VAL_Q8R426-2
TRAIN_Q9NR61	TRAIN_Q9NR61
TRAIN_O89339	TRAIN_O89339
TRAIN_O89339	TRAIN_Q9IK92
TRAIN_O89339	TRAIN_Q89933
TRAIN_O89339	VAL_Q77M43
TRAIN_P62944	TRAIN_P62944
TRAIN_Q14722	TRAIN_Q14722
TRAIN_Q14722	TEST_P63144
TRAIN_O14832	TRAIN_O14832
TRAIN_P27001	TRAIN_P27001
TRAIN_P62877	TRAIN_P62877
TRAIN_P76216	TRAIN_P76216
TRAIN_P59636	TRAIN_P59636
TRAIN_Q7X2A1	TRAIN_Q7X2A1
TRAIN_I1JLC8	TRAIN_I1JLC8
TRAIN_I1JLC8	TRAIN_P17639
TRAIN_P01730	TRAIN_P01730
TRAIN_P14061	TRAIN_P14061
TRAIN_P36952	TRAIN_P36952
TRAIN_Q9UNA0	TRAIN_Q9UNA0
TRAIN_Q5SHN5	TRAIN_Q5SHN5
TRAIN_Q5SHN5	TEST_P13551
TRAIN_Q14019	TRAIN_Q14019
TRAIN_O62479	TRAIN_O62479
TRAIN_Q92913	TRAIN_Q92913
TRAIN_Q92913	TEST_P61328-2
TRAIN_P21815	TRAIN_P21815
TRAIN_Q44177	TRAIN_Q44177
TRAIN_P09012	TRAIN_P09012
TRAIN_Q25733	TRAIN_Q25733
TRAIN_Q49492	TRAIN_Q49492
TRAIN_O35254	TRAIN_O35254
TRAIN_Q0PF16	TRAIN_Q0PF16
TRAIN_Q8NBZ7	TRAIN_Q8NBZ7
TRAIN_P77522	TRAIN_P77522
TRAIN_P0A8Q6	TRAIN_P0A8Q6
TRAIN_Q9ES89	TRAIN_Q9ES89
TRAIN_P0C5S4	TRAIN_P0C5S4
TRAIN_P20444	TRAIN_P20444
TRAIN_P49790	TRAIN_P49790
TRAIN_Q12905	TRAIN_Q12905
TRAIN_Q12905	TRAIN_Q9CXY6
TRAIN_P03087	TRAIN_P03087
TRAIN_Q09260	TRAIN_Q09260
TRAIN_Q5VZK9	TRAIN_Q5VZK9
TRAIN_Q5A3P6	TRAIN_Q5A3P6
TRAIN_P55957	TRAIN_P55957
TRAIN_P55957	TRAIN_P70444
TRAIN_Q01094	TRAIN_Q01094
TRAIN_P48439	TRAIN_P48439
TRAIN_Q96RF0	TRAIN_Q96RF0
TRAIN_Q96RF0	TRAIN_Q9Y5X1
TRAIN_Q0JRZ9	TRAIN_Q0JRZ9
TRAIN_Q02388	TRAIN_Q02388
TRAIN_P23632	TRAIN_P23632
TRAIN_P02533	TRAIN_P02533
TRAIN_P09651	TRAIN_P09651
TRAIN_P09651	VAL_P22626
TRAIN_P05031	TRAIN_P05031
TRAIN_P34704	TRAIN_P34704
TRAIN_Q9SKB2	TRAIN_Q9SKB2
TRAIN_G5ED39	TRAIN_G5ED39
TRAIN_P35269	TRAIN_P35269
TRAIN_P04198	TRAIN_P04198
TRAIN_P04198	TRAIN_P01106
TRAIN_P04198	TRAIN_Q6P8Z1
TRAIN_Q8I295	TRAIN_Q8I295
TRAIN_P78362	TRAIN_P78362
TRAIN_Q9XTN4	TRAIN_Q9XTN4
TRAIN_P14736	TRAIN_P14736
TRAIN_Q9BXJ9	TRAIN_Q9BXJ9
TRAIN_Q9BXJ9	TRAIN_G0S4M4
TRAIN_O35274	TRAIN_O35274
TRAIN_Q8RWK8	TRAIN_Q8RWK8
TRAIN_Q27934	TRAIN_Q27934
TRAIN_P22943	TRAIN_P22943
TRAIN_Q9Y7M4	TRAIN_Q9Y7M4
TRAIN_M5BF30	TRAIN_M5BF30
TRAIN_M5BF30	TEST_Q8RY59
TRAIN_Q9Y6C2	TRAIN_Q9Y6C2
TRAIN_Q9NQI0	TRAIN_Q9NQI0
TRAIN_Q9NQI0	TRAIN_Q9NQI0-2
TRAIN_Q9NQI0	TRAIN_O00571
TRAIN_Q9NQI0	VAL_D0PV95
TRAIN_P68390	TRAIN_P68390
TRAIN_A0A0H3GD84	TRAIN_A0A0H3GD84
TRAIN_Q9V0U0	TRAIN_Q9V0U0
TRAIN_Q97W59	TRAIN_Q97W59
TRAIN_P19250	TRAIN_P19250
TRAIN_Q9UBR1	TRAIN_Q9UBR1
TRAIN_P47093	TRAIN_P47093
TRAIN_P05121	TRAIN_P05121
TRAIN_Q05022	TRAIN_Q05022
TRAIN_O94907	TRAIN_O94907
TRAIN_O94907	VAL_Q9UBT3
TRAIN_P55210	TRAIN_P55210
TRAIN_P55210	TRAIN_P42574
TRAIN_P09951	TRAIN_P09951
TRAIN_Q92558	TRAIN_Q92558
TRAIN_P80457	TRAIN_P80457
TRAIN_P37840	TRAIN_P37840
TRAIN_P37840	TRAIN_Q16143
TRAIN_P37840	TRAIN_O76070
TRAIN_P08621	TRAIN_P08621
TRAIN_O05574	TRAIN_O05574
TRAIN_Q920Q2	TRAIN_Q920Q2
TRAIN_Q9XWG3	TRAIN_Q9XWG3
TRAIN_F0TTD6	TRAIN_F0TTD6
TRAIN_P28229	TRAIN_P28229
TRAIN_P28229	TRAIN_Q01231
TRAIN_P28229	VAL_P08033
TRAIN_P28229	TEST_P08050
TRAIN_P28229	TEST_P28235
TRAIN_O43236	TRAIN_O43236
TRAIN_O43236	TEST_O43236-6
TRAIN_P08669	TRAIN_P08669
TRAIN_G3V7P1	TRAIN_G3V7P1
TRAIN_P04275	TRAIN_P04275
TRAIN_Q9VPU8	TRAIN_Q9VPU8
TRAIN_Q92854	TRAIN_Q92854
TRAIN_Q9S7B5	TRAIN_Q9S7B5
TRAIN_Q15109	TRAIN_Q15109
TRAIN_P0AB38	TRAIN_P0AB38
TRAIN_Q9H1D0	TRAIN_Q9H1D0
TRAIN_Q9H1D0	TRAIN_Q9NQA5
TRAIN_P84092	TRAIN_P84092
TRAIN_P84092	TEST_P35585
TRAIN_Q8TEK3	TRAIN_Q8TEK3
TRAIN_Q86UE8	TRAIN_Q86UE8
TRAIN_P42573	TRAIN_P42573
VAL_Q5V913	VAL_Q5V913
VAL_Q5V913	VAL_C4LQ26
VAL_Q5V913	VAL_A0A2Z5UJ33
VAL_P34808	VAL_P34808
VAL_P16243	VAL_P16243
VAL_Q56311	VAL_Q56311
VAL_O01479	VAL_O01479
VAL_O01479	TEST_Q91006
VAL_O01479	TEST_Q9DEA6
VAL_Q7K5N4	VAL_Q7K5N4
VAL_Q7K5N4	TEST_Q9WUP7-2
VAL_Q5RJL0	VAL_Q5RJL0
VAL_Q928V6	VAL_Q928V6
VAL_Q92743	VAL_Q92743
VAL_Q92743	TEST_P83110
VAL_O95149	VAL_O95149
VAL_F4JL28	VAL_F4JL28
VAL_Q9XES8	VAL_Q9XES8
VAL_P13848	VAL_P13848
VAL_P45985	VAL_P45985
VAL_Q5UPT2	VAL_Q5UPT2
VAL_P02547	VAL_P02547
VAL_P02547	TRAIN_P08670
VAL_P27392	VAL_P27392
VAL_P39007	VAL_P39007
VAL_Q9I332	VAL_Q9I332
VAL_P03709	VAL_P03709
VAL_Q9IK91	VAL_Q9IK91
VAL_Q9IK91	TRAIN_O55778
VAL_Q92574	VAL_Q92574
VAL_P89522	VAL_P89522
VAL_P12810	VAL_P12810
VAL_P21758	VAL_P21758
VAL_P03607	VAL_P03607
VAL_P0A3B2	VAL_P0A3B2
VAL_Q12778	VAL_Q12778
VAL_Q12778	TEST_P98177
VAL_P12520	VAL_P12520
VAL_P12520	VAL_Q72500
VAL_Q9BSY4	VAL_Q9BSY4
VAL_Q6P1M3	VAL_Q6P1M3
VAL_P08799	VAL_P08799
VAL_P08799	TRAIN_S7W634
VAL_P08799	VAL_P05661
VAL_P08799	TEST_Q9BE39
VAL_P08799	TEST_Q6URW6
VAL_P08799	VAL_P10587
VAL_P38862	VAL_P38862
VAL_Q64364	VAL_Q64364
VAL_Q64364	VAL_Q8N726-1
VAL_P0AFD6	VAL_P0AFD6
VAL_Q9SR19	VAL_Q9SR19
VAL_P52799	VAL_P52799
VAL_Q13137	VAL_Q13137
VAL_Q96RI1	VAL_Q96RI1
VAL_Q8K368	VAL_Q8K368
VAL_Q92945	VAL_Q92945
VAL_Q92945	TRAIN_Q96AE4
VAL_P05231	VAL_P05231
VAL_P40458	VAL_P40458
VAL_P08476	VAL_P08476
VAL_Q8JXF6	VAL_Q8JXF6
VAL_Q8JXF6	TEST_P0DOF3
VAL_P54687	VAL_P54687
VAL_Q8QWD4	VAL_Q8QWD4
VAL_P36080	VAL_P36080
VAL_P02760	VAL_P02760
VAL_P25891	VAL_P25891
VAL_Q8IRG6	VAL_Q8IRG6
VAL_P36578	VAL_P36578
VAL_P09693	VAL_P09693
VAL_P09693	TRAIN_P04234
VAL_Q9Y580	VAL_Q9Y580
VAL_O24172	VAL_O24172
VAL_Q60598	VAL_Q60598
VAL_P0AD49	VAL_P0AD49
VAL_P41695	VAL_P41695
VAL_P0DN86	VAL_P0DN86
VAL_Q93009	VAL_Q93009
VAL_Q04656	VAL_Q04656
VAL_Q16611	VAL_Q16611
VAL_O70200	VAL_O70200
VAL_Q96Q11	VAL_Q96Q11
VAL_Q9SQK3	VAL_Q9SQK3
VAL_P28324	VAL_P28324
VAL_P28324	VAL_P41969
VAL_P78953	VAL_P78953
VAL_Q14061	VAL_Q14061
VAL_P11938	VAL_P11938
VAL_Q9UBK2	VAL_Q9UBK2
VAL_Q5JH72	VAL_Q5JH72
VAL_P0A7S3	VAL_P0A7S3
VAL_Q9WZ73	VAL_Q9WZ73
VAL_P15382	VAL_P15382
VAL_P25963	VAL_P25963
VAL_Q00987-11	VAL_Q00987-11
VAL_Q00987-11	TRAIN_Q00987
VAL_C4M7X2	VAL_C4M7X2
VAL_C4M7X2	TRAIN_Q15046
VAL_C4M7X2	TEST_P0A8N3
VAL_P24385	VAL_P24385
VAL_P24385	TRAIN_P30281
VAL_P15311	VAL_P15311
VAL_P0DMC7	VAL_P0DMC7
VAL_Q51912	VAL_Q51912
VAL_P06734	VAL_P06734
VAL_Q9UHD9	VAL_Q9UHD9
VAL_P63292	VAL_P63292
VAL_P76407	VAL_P76407
VAL_Q8L3W1	VAL_Q8L3W1
VAL_Q03132	VAL_Q03132
VAL_Q9BP38	VAL_Q9BP38
VAL_P61765	VAL_P61765
VAL_E6PBU3	VAL_E6PBU3
VAL_Q3U4G3	VAL_Q3U4G3
VAL_P52948	VAL_P52948
VAL_O86488	VAL_O86488
VAL_Q61081	VAL_Q61081
VAL_Q61081	TRAIN_Q16543
VAL_Q76LA1	VAL_Q76LA1
VAL_Q96T88	VAL_Q96T88
VAL_Q96T88	TRAIN_Q15843
VAL_P49354	VAL_P49354
VAL_Q9JM54	VAL_Q9JM54
VAL_P23280	VAL_P23280
VAL_A0A6L8PPD0	VAL_A0A6L8PPD0
VAL_Q15517	VAL_Q15517
VAL_Q9BYF1	VAL_Q9BYF1
VAL_P0CF51	VAL_P0CF51
VAL_P00800	VAL_P00800
VAL_P0A2N1	VAL_P0A2N1
VAL_P00392	VAL_P00392
VAL_P14653	VAL_P14653
VAL_O17428	VAL_O17428
VAL_O17428	TEST_C4PB33
VAL_O17428	VAL_Q868N5
VAL_Q20363	VAL_Q20363
VAL_G1K3N3	VAL_G1K3N3
VAL_P40422	VAL_P40422
VAL_Q98325	VAL_Q98325
VAL_Q9VXJ0	VAL_Q9VXJ0
VAL_P22995	VAL_P22995
VAL_Q05776	VAL_Q05776
VAL_P00880	VAL_P00880
VAL_Q92540	VAL_Q92540
VAL_P55980	VAL_P55980
VAL_O60828	VAL_O60828
VAL_P27635	VAL_P27635
VAL_O31818	VAL_O31818
VAL_O30916	VAL_O30916
VAL_O88998	VAL_O88998
VAL_Q9ZLR7	VAL_Q9ZLR7
VAL_A1B8N7	VAL_A1B8N7
VAL_Q64693	VAL_Q64693
VAL_P09546	VAL_P09546
VAL_Q9CQK7	VAL_Q9CQK7
TRAIN_P0ACX9	TRAIN_P0ACX9
TRAIN_Q16186	TRAIN_Q16186
TRAIN_P01137	TRAIN_P01137
TRAIN_Q9Y823	TRAIN_Q9Y823
TRAIN_P21401	TRAIN_P21401
TRAIN_P02774	TRAIN_P02774
TRAIN_P30291	TRAIN_P30291
TRAIN_P50440	TRAIN_P50440
TRAIN_Q9BP37	TRAIN_Q9BP37
TRAIN_Q54BW5	TRAIN_Q54BW5
TRAIN_Q54BW5	TRAIN_P33316-2
TRAIN_Q54BW5	TRAIN_P06968
TRAIN_Q9UKT4	TRAIN_Q9UKT4
TRAIN_Q01081	TRAIN_Q01081
TRAIN_O95630	TRAIN_O95630
TRAIN_O00268	TRAIN_O00268
TRAIN_P08245	TRAIN_P08245
TRAIN_Q8WUP2	TRAIN_Q8WUP2
TRAIN_Q6Q547	TRAIN_Q6Q547
TRAIN_P28023	TRAIN_P28023
TRAIN_P15183	TRAIN_P15183
TRAIN_P0ACG8	TRAIN_P0ACG8
TRAIN_F1RAX4	TRAIN_F1RAX4
TRAIN_P22219	TRAIN_P22219
TRAIN_Q6QCC2	TRAIN_Q6QCC2
TRAIN_P42758	TRAIN_P42758
TRAIN_Q8GXX0	TRAIN_Q8GXX0
TRAIN_P31109	TRAIN_P31109
TRAIN_P31109	VAL_P33328
TRAIN_P20340	TRAIN_P20340
TRAIN_P20340	TRAIN_Q15382
TRAIN_Q28181-4	TRAIN_Q28181-4
TRAIN_O54928	TRAIN_O54928
TRAIN_Q9UQC2	TRAIN_Q9UQC2
TRAIN_P23202	TRAIN_P23202
TRAIN_P21793	TRAIN_P21793
TRAIN_P49765	TRAIN_P49765
TRAIN_P51617	TRAIN_P51617
TRAIN_P01042	TRAIN_P01042
TRAIN_P60484-2	TRAIN_P60484-2
TRAIN_P60484-2	TRAIN_P60484
TRAIN_Q92973	TRAIN_Q92973
TRAIN_O43791	TRAIN_O43791
TRAIN_Q9BXW4	TRAIN_Q9BXW4
TRAIN_Q95ZK7	TRAIN_Q95ZK7
TRAIN_O65934	TRAIN_O65934
TRAIN_Q02413	TRAIN_Q02413
TRAIN_P18075	TRAIN_P18075
TRAIN_Q14978	TRAIN_Q14978
TRAIN_Q06787	TRAIN_Q06787
TRAIN_P35201	TRAIN_P35201
TRAIN_F6IAY2	TRAIN_F6IAY2
TRAIN_F6IAY2	TRAIN_Q9SQQ6
TRAIN_P10961	TRAIN_P10961
TRAIN_P10961	VAL_P22121
TRAIN_P32639	TRAIN_P32639
TRAIN_P39905	TRAIN_P39905
TRAIN_P39905	VAL_Q07731
TRAIN_O54918	TRAIN_O54918
TRAIN_Q8WVQ1	TRAIN_Q8WVQ1
TRAIN_O06522	TRAIN_O06522
TRAIN_O06522	TRAIN_O87120
TRAIN_Q23229	TRAIN_Q23229
TRAIN_P00734	TRAIN_P00734
TRAIN_P00734	VAL_P00742
TRAIN_P00734	VAL_P00740
TRAIN_P00734	VAL_P07477
TRAIN_P00734	TRAIN_P00760
TRAIN_P15309	TRAIN_P15309
TRAIN_P27321	TRAIN_P27321
TRAIN_P27321	TRAIN_P20810
TRAIN_P0A7U3	TRAIN_P0A7U3
TRAIN_P03254	TRAIN_P03254
TRAIN_P03254	TEST_P03255
TRAIN_P03254	VAL_P03259
TRAIN_P01034	TRAIN_P01034
TRAIN_P01034	VAL_P28325
TRAIN_P59595	TRAIN_P59595
TRAIN_P59595	TRAIN_P0DTC9
TRAIN_P07986	TRAIN_P07986
TRAIN_P56287	TRAIN_P56287
TRAIN_Q9H211	TRAIN_Q9H211
TRAIN_P40719	TRAIN_P40719
TRAIN_O08583	TRAIN_O08583
TRAIN_O08583	TRAIN_Q9JJW6
TRAIN_Q3UKX1	TRAIN_Q3UKX1
TRAIN_Q3UKX1	TRAIN_A1L1Q4
TRAIN_P35521	TRAIN_P35521
TRAIN_P19339	TRAIN_P19339
TRAIN_Q8NM20	TRAIN_Q8NM20
TRAIN_Q9NK80	TRAIN_Q9NK80
TRAIN_Q9H0E2	TRAIN_Q9H0E2
TRAIN_Q88MI5	TRAIN_Q88MI5
TRAIN_Q10589	TRAIN_Q10589
TRAIN_Q29983	TRAIN_Q29983
TRAIN_P40357	TRAIN_P40357
TRAIN_P27682	TRAIN_P27682
TRAIN_P36106	TRAIN_P36106
TRAIN_P70429	TRAIN_P70429
TRAIN_Q9HAV4	TRAIN_Q9HAV4
TRAIN_O75683	TRAIN_O75683
TEST_P02671	TEST_P02671
TEST_P02671	TRAIN_P14448
TEST_P10619	TEST_P10619
TEST_Q8R1S4	TEST_Q8R1S4
TEST_Q8R1S4	TRAIN_O43312
TEST_P11746	TEST_P11746
TEST_P9WNR7	TEST_P9WNR7
TEST_P52945	TEST_P52945
TEST_P09803	TEST_P09803
TEST_P09803	TEST_P55285
TEST_O00585	TEST_O00585
TEST_O00585	TRAIN_P51671
TEST_O00585	TRAIN_Q9Y258
TEST_P08263	TEST_P08263
TEST_P47523	TEST_P47523
TEST_Q84ZX5	TEST_Q84ZX5
TEST_P20239	TEST_P20239
TEST_Q91ZE9	TEST_Q91ZE9
TEST_P15941	TEST_P15941
TEST_P40855	TEST_P40855
TEST_O00189	TEST_O00189
TEST_P52848	TEST_P52848
TEST_P17096	TEST_P17096
TEST_O96013	TEST_O96013
TEST_O96013	TRAIN_Q13153
TEST_O96013	TRAIN_Q29502
TEST_O96013	TRAIN_Q13177
TEST_P02668	TEST_P02668
TEST_P03372	TEST_P03372
TEST_P03372	TRAIN_Q92731
TEST_O95292	TEST_O95292
TEST_P70604	TEST_P70604
TEST_Q9V452	TEST_Q9V452
TEST_Q9HCJ0	TEST_Q9HCJ0
TEST_Q8GY31	TEST_Q8GY31
TEST_P10674	TEST_P10674
TEST_P78560	TEST_P78560
TEST_P38634	TEST_P38634
TEST_Q9UBB5	TEST_Q9UBB5
TEST_P0ACN7	TEST_P0ACN7
TEST_O95718	TEST_O95718
TEST_P35052	TEST_P35052
TEST_P32357	TEST_P32357
TEST_P16333	TEST_P16333
TEST_Q14565	TEST_Q14565
TEST_Q14565	TRAIN_Q06609
TEST_P9WJ35	TEST_P9WJ35
TEST_Q9ZVD0	TEST_Q9ZVD0
TEST_A7UMX5	TEST_A7UMX5
TEST_Q7KZI7	TEST_Q7KZI7
TEST_Q7KZI7	TRAIN_O08679
TEST_Q09514	TEST_Q09514
TEST_P09038	TEST_P09038
TEST_P40136	TEST_P40136
TEST_P47910	TEST_P47910
TEST_J7QA90	TEST_J7QA90
TEST_P0AFC3	TEST_P0AFC3
TEST_Q59472	TEST_Q59472
TEST_P33411	TEST_P33411
TEST_P09938	TEST_P09938
TEST_P09938	TRAIN_P49723
TEST_P09938	VAL_P11157
TEST_Q9UMS4	TEST_Q9UMS4
TEST_P48443	TEST_P48443
TEST_P48443	VAL_P19793
TEST_P48443	VAL_B9UCQ5
TEST_P48443	TEST_Q9GSG7
TEST_P74518	TEST_P74518
TEST_Q9BYI3	TEST_Q9BYI3
TEST_P05055	TEST_P05055
TEST_Q9C0C7	TEST_Q9C0C7
TEST_Q9NQC3-1	TEST_Q9NQC3-1
TEST_Q9NQC3-1	VAL_Q9JK11
TEST_P32120	TEST_P32120
TEST_P32120	VAL_P17870
TEST_P55735	TEST_P55735
TEST_P13569	TEST_P13569
TEST_D0NBE6	TEST_D0NBE6
TEST_Q9BZZ5-2	TEST_Q9BZZ5-2
TEST_Q9SZF7	TEST_Q9SZF7
TEST_Q9HZJ8	TEST_Q9HZJ8
TEST_O88483	TEST_O88483
TEST_P30328	TEST_P30328
TEST_Q62420	TEST_Q62420
TEST_P05221	TEST_P05221
TEST_Q05471	TEST_Q05471
TEST_Q6R327	TEST_Q6R327
TEST_Q9UJX2	TEST_Q9UJX2
TEST_Q8GY88	TEST_Q8GY88
TEST_P38038	TEST_P38038
TEST_P39748	TEST_P39748
TEST_Q9Y6G9	TEST_Q9Y6G9
TEST_Q99075	TEST_Q99075
VAL_Q7L2J0	VAL_Q7L2J0
VAL_Q9BQ50	VAL_Q9BQ50
VAL_O29867	VAL_O29867
VAL_C6KSX0	VAL_C6KSX0
VAL_P36871	VAL_P36871
VAL_P24255	VAL_P24255
VAL_Q9BQB4	VAL_Q9BQB4
VAL_Q9BQB4	VAL_Q99P68
VAL_P23828	VAL_P23828
VAL_P23828	TRAIN_P0AG63
VAL_E2IHW6	VAL_E2IHW6
VAL_E2IHW6	VAL_Q6GX35
VAL_Q9KJ82	VAL_Q9KJ82
VAL_Q2JIZ5	VAL_Q2JIZ5
VAL_Q9UBV7	VAL_Q9UBV7
VAL_P54252	VAL_P54252
VAL_P0AFD1	VAL_P0AFD1
VAL_Q09683	VAL_Q09683
VAL_Q01101	VAL_Q01101
VAL_Q9NR00	VAL_Q9NR00
VAL_Q9Z0U4	VAL_Q9Z0U4
VAL_O00410	VAL_O00410
VAL_P08067	VAL_P08067
VAL_P21736	VAL_P21736
VAL_P21736	TRAIN_P03129
VAL_O66858	VAL_O66858
VAL_P06748	VAL_P06748
VAL_P06748	TRAIN_Q61937
VAL_Q06710	VAL_Q06710
VAL_Q06710	VAL_Q02548
VAL_Q06710	VAL_P26367
VAL_Q9Y9L0	VAL_Q9Y9L0
VAL_P01071	VAL_P01071
VAL_Q96CV9	VAL_Q96CV9
VAL_Q9BUL9	VAL_Q9BUL9
VAL_A0A068MVV3	VAL_A0A068MVV3
VAL_A0A068MVV3	TEST_P73124
VAL_P69411	VAL_P69411
VAL_Q96GU1	VAL_Q96GU1
VAL_P03069	VAL_P03069
VAL_Q04964	VAL_Q04964
VAL_P68927	VAL_P68927
VAL_Q05344	VAL_Q05344
VAL_Q05344	TEST_P11632
VAL_P15436	VAL_P15436
VAL_P21583	VAL_P21583
VAL_P40999	VAL_P40999
VAL_P35207	VAL_P35207
VAL_P35207	TEST_P47047
VAL_Q80FJ1	VAL_Q80FJ1
VAL_Q9BSQ5	VAL_Q9BSQ5
VAL_P04626	VAL_P04626
VAL_P04626	VAL_P00533
VAL_P07598	VAL_P07598
VAL_Q8WUM0	VAL_Q8WUM0
VAL_Q7DB66	VAL_Q7DB66
VAL_Q5ZYC9	VAL_Q5ZYC9
VAL_O75936	VAL_O75936
VAL_A8CDV5	VAL_A8CDV5
VAL_O43561	VAL_O43561
VAL_P05455	VAL_P05455
VAL_Q7Z3C6	VAL_Q7Z3C6
VAL_P53551	VAL_P53551
VAL_P60340	VAL_P60340
VAL_Q9R224	VAL_Q9R224
VAL_Q9XTW2	VAL_Q9XTW2
VAL_Q9UDY8	VAL_Q9UDY8
VAL_Q9SLJ2	VAL_Q9SLJ2
VAL_P24522	VAL_P24522
VAL_P35869	VAL_P35869
VAL_Q96EQ8	VAL_Q96EQ8
VAL_P15374	VAL_P15374
VAL_Q8I2X3	VAL_Q8I2X3
VAL_Q9H981	VAL_Q9H981
VAL_D1A4G7	VAL_D1A4G7
VAL_Q99598	VAL_Q99598
VAL_P29131	VAL_P29131
VAL_O00488	VAL_O00488
VAL_P49189	VAL_P49189
VAL_P45976	VAL_P45976
VAL_Q8BH64	VAL_Q8BH64
VAL_P49235	VAL_P49235
VAL_Q9NRJ3	VAL_Q9NRJ3
VAL_Q5ZUV9	VAL_Q5ZUV9
VAL_Q06696	VAL_Q06696
VAL_P30429	VAL_P30429
VAL_P30429	TEST_P30429-2
VAL_Q9BUH6	VAL_Q9BUH6
VAL_P49687	VAL_P49687
VAL_Q13363	VAL_Q13363
VAL_Q13363	TRAIN_Q9Z2F5
VAL_I1WVY3	VAL_I1WVY3
VAL_Q48245	VAL_Q48245
TRAIN_Q24298	TRAIN_Q24298
TRAIN_Q5D1E8	TRAIN_Q5D1E8
TRAIN_Q5D1E8	TRAIN_Q5D1E7
TRAIN_Q9LFG2	TRAIN_Q9LFG2
TRAIN_P90976	TRAIN_P90976
TRAIN_P15498	TRAIN_P15498
TRAIN_P70447	TRAIN_P70447
TRAIN_P70447	TRAIN_Q92886
TRAIN_Q8IYT8	TRAIN_Q8IYT8
TRAIN_P05371	TRAIN_P05371
TRAIN_P53780	TRAIN_P53780
TRAIN_Q14995	TRAIN_Q14995
TRAIN_Q14995	TRAIN_P51449
TRAIN_Q6VMQ6	TRAIN_Q6VMQ6
TRAIN_P0C079	TRAIN_P0C079
TRAIN_P46527	TRAIN_P46527
TRAIN_P46527	TRAIN_O43806
TRAIN_P50490	TRAIN_P50490
TRAIN_P50490	TEST_O61130
TRAIN_P50490	TRAIN_Q9TY14
TRAIN_Q9HC35	TRAIN_Q9HC35
TRAIN_P46674	TRAIN_P46674
TRAIN_Q18235	TRAIN_Q18235
TRAIN_P05059	TRAIN_P05059
TRAIN_Q9BS26	TRAIN_Q9BS26
TRAIN_Q99523	TRAIN_Q99523
TRAIN_P78356	TRAIN_P78356
TRAIN_P19619	TRAIN_P19619
TRAIN_P19619	TRAIN_P04083
TRAIN_P19619	TRAIN_P07355
TRAIN_Q9U3N4	TRAIN_Q9U3N4
TRAIN_P0AAC0	TRAIN_P0AAC0
TRAIN_O75475	TRAIN_O75475
TRAIN_Q9U489	TRAIN_Q9U489
TRAIN_A0MHA3	TRAIN_A0MHA3
TRAIN_P13338	TRAIN_P13338
TRAIN_P0A968	TRAIN_P0A968
TRAIN_P20807	TRAIN_P20807
TRAIN_P20807	TRAIN_Q07009
TRAIN_P69924	TRAIN_P69924
TRAIN_Q9LQT8	TRAIN_Q9LQT8
TRAIN_P54132	TRAIN_P54132
TRAIN_Q9H816	TRAIN_Q9H816
TRAIN_Q62902	TRAIN_Q62902
TRAIN_Q62902	TRAIN_P49257
TRAIN_P38398	TRAIN_P38398
TRAIN_O96017	TRAIN_O96017
TRAIN_P62330	TRAIN_P62330
TRAIN_Q03768	TRAIN_Q03768
TRAIN_P01050	TRAIN_P01050
TRAIN_P02545	TRAIN_P02545
TRAIN_P43528	TRAIN_P43528
TRAIN_P43528	TRAIN_P01555
TRAIN_Q03518	TRAIN_Q03518
TRAIN_Q03518	TEST_Q03519
TRAIN_P22234	TRAIN_P22234
TRAIN_P31896	TRAIN_P31896
TRAIN_O55000	TRAIN_O55000
TRAIN_P32773	TRAIN_P32773
TRAIN_O95405	TRAIN_O95405
TRAIN_P9WF19	TRAIN_P9WF19
TRAIN_O15350	TRAIN_O15350
TRAIN_O43516	TRAIN_O43516
TRAIN_Q97ZL0	TRAIN_Q97ZL0
TRAIN_Q68DK7	TRAIN_Q68DK7
TRAIN_P03422	TRAIN_P03422
TRAIN_P32628	TRAIN_P32628
TRAIN_P32628	TRAIN_P54725
TRAIN_P14635	TRAIN_P14635
TRAIN_Q00958	TRAIN_Q00958
TRAIN_Q8VY98	TRAIN_Q8VY98
TRAIN_Q8VY98	TRAIN_O82775
TRAIN_Q49ZM2	TRAIN_Q49ZM2
TRAIN_Q8IVG9	TRAIN_Q8IVG9
TRAIN_Q82S91	TRAIN_Q82S91
TRAIN_Q05080	TRAIN_Q05080
TRAIN_Q81AN8	TRAIN_Q81AN8
TRAIN_Q81AN8	TRAIN_A8ULG6
TRAIN_P34087	TRAIN_P34087
TRAIN_Q6A070	TRAIN_Q6A070
TRAIN_Q14191	TRAIN_Q14191
TRAIN_Q13188	TRAIN_Q13188
TRAIN_Q13188	TEST_Q13043
TRAIN_P00004	TRAIN_P00004
TRAIN_P51965	TRAIN_P51965
TRAIN_P11686	TRAIN_P11686
TRAIN_Q9H8Y8	TRAIN_Q9H8Y8
TRAIN_Q84852	TRAIN_Q84852
TRAIN_O43464	TRAIN_O43464
TRAIN_Q8ZQC8	TRAIN_Q8ZQC8
TRAIN_P02185	TRAIN_P02185
TRAIN_Q5T4W7	TRAIN_Q5T4W7
TRAIN_Q9BRT9	TRAIN_Q9BRT9
TRAIN_P10565	TRAIN_P10565
TRAIN_P03407	TRAIN_P03407
TRAIN_P03407	TRAIN_C6KEI3
TRAIN_P03407	TRAIN_P03404
TRAIN_P03407	TRAIN_P04324
TRAIN_P03407	TRAIN_P03406
TRAIN_P03407	VAL_Q90VU7
TRAIN_P03407	VAL_Q70627
TRAIN_P20435	TRAIN_P20435
TRAIN_P20435	TRAIN_P36595
VAL_P22868	VAL_P22868
VAL_P03045	VAL_P03045
VAL_O08785	VAL_O08785
VAL_Q01970	VAL_Q01970
VAL_Q9H875	VAL_Q9H875
VAL_P04859	VAL_P04859
VAL_Q7L804	VAL_Q7L804
VAL_Q9NV23	VAL_Q9NV23
VAL_Q9Y3D6	VAL_Q9Y3D6
VAL_Q8LBP4	VAL_Q8LBP4
VAL_Q9BRX5	VAL_Q9BRX5
VAL_Q9NZ94	VAL_Q9NZ94
VAL_Q9NZ94	TRAIN_Q69ZK9
VAL_Q9NZ94	TRAIN_P22303
VAL_P50402	VAL_P50402
VAL_P82804	VAL_P82804
VAL_Q03337	VAL_Q03337
VAL_Q15596	VAL_Q15596
VAL_Q15596	TEST_P70365
VAL_Q15596	TEST_Q9Y6Q9
VAL_P40881	VAL_P40881
TEST_Q9HKT1	TEST_Q9HKT1
TEST_Q91ZW2	TEST_Q91ZW2
TEST_P23457	TEST_P23457
TEST_P23873	TEST_P23873
TEST_Q56WD9	TEST_Q56WD9
TEST_P41567	TEST_P41567
TEST_Q15542	TEST_Q15542
TEST_P36118	TEST_P36118
TEST_P41780	TEST_P41780
TEST_Q9QUG2	TEST_Q9QUG2
TEST_P46108	TEST_P46108
TEST_P46108	TEST_P46108-2
TEST_P46108	VAL_Q9NHC3
TEST_P62965	TEST_P62965
TEST_P50542	TEST_P50542
TEST_P39286	TEST_P39286
TEST_P39286	TEST_Q8ZKB0
TEST_P25638	TEST_P25638
TEST_P24785	TEST_P24785
TEST_P35916	TEST_P35916
TEST_P19594	TEST_P19594
TEST_P19594	TEST_Q647G9
TEST_P26447	TEST_P26447
TEST_P26447	TRAIN_P33763
TEST_P26447	TRAIN_P04271
TEST_P06491	TEST_P06491
TEST_P11387	TEST_P11387
TEST_Q20728	TEST_Q20728
TEST_P13051-1	TEST_P13051-1
TEST_Q96T58	TEST_Q96T58
TEST_A0A3N4AZ09	TEST_A0A3N4AZ09
TEST_Q96FQ6	TEST_Q96FQ6
TEST_Q14691	TEST_Q14691
TEST_Q9NPI8	TEST_Q9NPI8
TEST_Q9DBG5	TEST_Q9DBG5
TEST_Q5XJY5	TEST_Q5XJY5
TEST_P42337	TEST_P42337
TEST_P42337	TEST_Q8BTI9
TEST_N1NXA6	TEST_N1NXA6
TEST_P08392	TEST_P08392
TEST_Q57530	TEST_Q57530
TEST_Q57530	VAL_Q44522
TEST_P0ABH9	TEST_P0ABH9
TEST_P15146	TEST_P15146
TEST_Q6CSX2	TEST_Q6CSX2
TEST_Q05128	TEST_Q05128
TEST_Q05128	TRAIN_P35260
TEST_P53378	TEST_P53378
TEST_P53378	TRAIN_P68363
TEST_P53378	TRAIN_P41351
TEST_P53378	TRAIN_P32882
TEST_P53378	TRAIN_P41352
TEST_Q96PU5	TEST_Q96PU5
TEST_P50498	TEST_P50498
TEST_P50498	VAL_P19599
TEST_P22179	TEST_P22179
TEST_O15392	TEST_O15392
TEST_O15392	TRAIN_O70201
TEST_P11233	TEST_P11233
TEST_P11233	TRAIN_P01112
TEST_P11233	TEST_P10114
TEST_P45577	TEST_P45577
TEST_P05452	TEST_P05452
TEST_P49736	TEST_P49736
TEST_O60563	TEST_O60563
TEST_P21734	TEST_P21734
TEST_P03086	TEST_P03086
TEST_P23588	TEST_P23588
TEST_Q06486	TEST_Q06486
TEST_P39015	TEST_P39015
TEST_P46937	TEST_P46937
TEST_P46937	TRAIN_P46938
TEST_P41814	TEST_P41814
TEST_Q99801	TEST_Q99801
TEST_P38801	TEST_P38801
TEST_Q8VEL9	TEST_Q8VEL9
TEST_Q8VEL9	TEST_Q9WTY2
TEST_Q8VEL9	TRAIN_P55042
TEST_P49841	TEST_P49841
TEST_Q9Y261	TEST_Q9Y261
TEST_Q06556	TEST_Q06556
TRAIN_P09429	TRAIN_P09429
TRAIN_P09429	VAL_P63158
TRAIN_P09429	VAL_P63159
TRAIN_P09429	VAL_P07746
TRAIN_P10451	TRAIN_P10451
TRAIN_P10451	TEST_P10923
TRAIN_P10451	TRAIN_Q9I832
TRAIN_S6B291	TRAIN_S6B291
TRAIN_P31431	TRAIN_P31431
TRAIN_Q05158	TRAIN_Q05158
TRAIN_Q05158	TRAIN_P67966
TRAIN_Q02297	TRAIN_Q02297
TRAIN_P56210	TRAIN_P56210
TRAIN_P02721	TRAIN_P02721
TRAIN_Q9ERE3	TRAIN_Q9ERE3
TRAIN_Q15631	TRAIN_Q15631
TRAIN_P0A882	TRAIN_P0A882
TRAIN_Q13415	TRAIN_Q13415
TRAIN_P10761	TRAIN_P10761
TRAIN_Q93P54	TRAIN_Q93P54
TRAIN_P98170	TRAIN_P98170
TRAIN_Q96T21	TRAIN_Q96T21
TRAIN_Q8NHZ8	TRAIN_Q8NHZ8
TRAIN_P0AG11	TRAIN_P0AG11
TRAIN_P31087	TRAIN_P31087
TRAIN_P01501	TRAIN_P01501
TRAIN_P84233	TRAIN_P84233
TRAIN_P16471	TRAIN_P16471
TRAIN_P0A4T9	TRAIN_P0A4T9
TRAIN_Q02554	TRAIN_Q02554
TRAIN_P55072	TRAIN_P55072
TRAIN_P55072	TRAIN_Q01853
TRAIN_P0ACF8	TRAIN_P0ACF8
TRAIN_P27356	TRAIN_P27356
TRAIN_P62696	TRAIN_P62696
TRAIN_Q57565	TRAIN_Q57565
TRAIN_Q9W1M7	TRAIN_Q9W1M7
TRAIN_Q9W1M7	TRAIN_Q8NEB9
TRAIN_Q9W1M7	VAL_P22543
TRAIN_Q86FP8	TRAIN_Q86FP8
TRAIN_Q86FP8	TRAIN_Q86FP9
TRAIN_P69723	TRAIN_P69723
TRAIN_P69723	VAL_P12504
TRAIN_P12359	TRAIN_P12359
TRAIN_P12359	VAL_P23321
TRAIN_P41208	TRAIN_P41208
TRAIN_P41208	TRAIN_P05434
TRAIN_P41208	VAL_P41209
TRAIN_P41208	TRAIN_C4M0U8
TRAIN_O43474	TRAIN_O43474
TRAIN_Q9FUM5	TRAIN_Q9FUM5
TRAIN_Q9NS23-4	TRAIN_Q9NS23-4
TRAIN_P0AFF6	TRAIN_P0AFF6
TRAIN_P06836	TRAIN_P06836
TRAIN_P06836	VAL_P17677
TRAIN_O75817	TRAIN_O75817
TRAIN_P04183	TRAIN_P04183
TRAIN_Q98148	TRAIN_Q98148
TRAIN_Q98148	TRAIN_E5LC01
TRAIN_P0A705	TRAIN_P0A705
TRAIN_Q96F86	TRAIN_Q96F86
TRAIN_C9ZXG5	TRAIN_C9ZXG5
TRAIN_C9ZXG5	TRAIN_Q2UZM9
TRAIN_Q07889	TRAIN_Q07889
TRAIN_Q6NUK1	TRAIN_Q6NUK1
TRAIN_Q62264	TRAIN_Q62264
TRAIN_P56696	TRAIN_P56696
TRAIN_P56696	TRAIN_P51787
TRAIN_O76463	TRAIN_O76463
TRAIN_O76463	VAL_P49789
TRAIN_P26368	TRAIN_P26368
TRAIN_Q06433	TRAIN_Q06433
TRAIN_Q9UBE0	TRAIN_Q9UBE0
TRAIN_Q13148	TRAIN_Q13148
TRAIN_P45561	TRAIN_P45561
TRAIN_Q676U5	TRAIN_Q676U5
TRAIN_P12537	TRAIN_P12537
TRAIN_Q2TUW1	TRAIN_Q2TUW1
TRAIN_Q2TUW1	TRAIN_Q08655
TRAIN_Q2TUW1	TEST_A0A1Z3GD08
TRAIN_Q2TUW1	TRAIN_D2JX42
TRAIN_Q2TUW1	TRAIN_A0A1Z3GD05
TRAIN_Q9Y3B4	TRAIN_Q9Y3B4
TRAIN_Q15642	TRAIN_Q15642
TRAIN_P0AFE0	TRAIN_P0AFE0
TRAIN_Q9QWH1	TRAIN_Q9QWH1
TRAIN_Q06628	TRAIN_Q06628
TRAIN_Q06628	TEST_A0A5P2U9X4
TRAIN_Q9V6K1	TRAIN_Q9V6K1
TRAIN_P41227	TRAIN_P41227
TRAIN_P12296	TRAIN_P12296
TRAIN_P0ABQ4	TRAIN_P0ABQ4
TRAIN_O66683	TRAIN_O66683
TRAIN_O76074	TRAIN_O76074
TRAIN_P18615	TRAIN_P18615
TRAIN_G8HXD9	TRAIN_G8HXD9
TRAIN_Q9NPF0	TRAIN_Q9NPF0
TRAIN_P35222	TRAIN_P35222
TRAIN_P35222	TRAIN_F1QGH7
TRAIN_P35222	TEST_Q02248
TRAIN_P35222	TRAIN_O44326
TRAIN_O82132	TRAIN_O82132
TRAIN_P37727	TRAIN_P37727
TRAIN_Q9NVS9	TRAIN_Q9NVS9
TRAIN_P16458	TRAIN_P16458
TEST_P0A9Q9	TEST_P0A9Q9
TEST_A2VD23	TEST_A2VD23
TEST_Q8N1G2	TEST_Q8N1G2
TEST_A0A2K8FR49	TEST_A0A2K8FR49
TEST_A0A2K8FR49	TRAIN_Q96270
TEST_P46673	TEST_P46673
TEST_Q13740	TEST_Q13740
TEST_Q99958	TEST_Q99958
TEST_S6AWC2	TEST_S6AWC2
TEST_P44228	TEST_P44228
TEST_P15848	TEST_P15848
TEST_P40818	TEST_P40818
TEST_P15273	TEST_P15273
TEST_P50106	TEST_P50106
TEST_Q9NQC7	TEST_Q9NQC7
TEST_P13199	TEST_P13199
TEST_Q9UKY0	TEST_Q9UKY0
TEST_P01096	TEST_P01096
TEST_P40259	TEST_P40259
TEST_P10912	TEST_P10912
TEST_Q5L0X5	TEST_Q5L0X5
TEST_P09919	TEST_P09919
TEST_P00488	TEST_P00488
TEST_P00488	TRAIN_Q08188
TEST_P30307	TEST_P30307
TEST_P23443	TEST_P23443
TEST_O00411	TEST_O00411
TEST_Q13485	TEST_Q13485
TEST_Q13485	TRAIN_Q15796
TEST_Q13485	TRAIN_P84022
TEST_Q13485	VAL_Q15797
TEST_Q13485	VAL_P42003
TEST_P0AFG8	TEST_P0AFG8
TEST_Q8WV28	TEST_Q8WV28
TEST_P07363	TEST_P07363
TEST_P00736	TEST_P00736
TEST_P00736	TRAIN_P48740-3
TEST_Q9A8N4	TEST_Q9A8N4
TEST_Q7KZF4	TEST_Q7KZF4
TEST_O14958	TEST_O14958
TEST_O14958	VAL_P07221
TEST_P36932	TEST_P36932
TEST_Q9Z1X4	TEST_Q9Z1X4
TEST_B0Y813	TEST_B0Y813
TEST_P0DTD1	TEST_P0DTD1
TEST_P0DTD1	VAL_P0C6X7
TEST_Q00780	TEST_Q00780
TEST_Q00780	VAL_Q03692
TEST_Q9VAN6	TEST_Q9VAN6
TEST_P22173	TEST_P22173
TEST_P12957	TEST_P12957
TEST_Q07930	TEST_Q07930
TEST_Q02078	TEST_Q02078
TEST_Q9WTL8	TEST_Q9WTL8
TEST_Q06141	TEST_Q06141
TEST_Q06141	TEST_P05451
TEST_Q86WV6	TEST_Q86WV6
TEST_O25010	TEST_O25010
TEST_Q96H20	TEST_Q96H20
TEST_Q96H20	TEST_Q12483
TEST_O74774	TEST_O74774
TEST_O49195	TEST_O49195
TEST_O66493	TEST_O66493
TEST_O50008	TEST_O50008
TEST_P01097	TEST_P01097
TEST_B7T1D7	TEST_B7T1D7
TEST_B7T1D7	TRAIN_B7T1D9
TEST_Q9XWJ1	TEST_Q9XWJ1
TEST_Q96IZ0	TEST_Q96IZ0
TEST_Q96IZ0	TEST_Q62627
TEST_A6NF83	TEST_A6NF83
TEST_A6NF83	TRAIN_O60356
TEST_P18206-2	TEST_P18206-2
TEST_Q13526	TEST_Q13526
TEST_P0DTH5	TEST_P0DTH5
TEST_P11912	TEST_P11912
TEST_P49848	TEST_P49848
TEST_P24937	TEST_P24937
TEST_P68135	TEST_P68135
TEST_P21513	TEST_P21513
TEST_P03520	TEST_P03520
TEST_Q9EPH0	TEST_Q9EPH0
TEST_P0C077	TEST_P0C077
TEST_Q9CX60	TEST_Q9CX60
TEST_P10388	TEST_P10388
TEST_Q12142	TEST_Q12142
TEST_P08240	TEST_P08240
TEST_P12355	TEST_P12355
TEST_Q9MAB9	TEST_Q9MAB9
TEST_O80358	TEST_O80358
TEST_Q9HAU5	TEST_Q9HAU5
TEST_P32566	TEST_P32566
